date,open,high,low,close,volume
2020-10-26,0.9319,1.0484,0.8736,1.0193,604860750
2020-10-27,1.0134,1.0542,1.0018,1.0134,122695050
2020-10-28,1.0193,1.0309,1.0018,1.0251,41762550
2020-10-30,1.0193,1.0251,0.9785,1.0193,22959300
2020-11-02,1.0134,1.0193,0.9901,0.996,9364650
2020-11-03,1.0018,1.0309,0.996,1.0076,17192550
2020-11-04,1.0193,1.0484,1.0134,1.0367,33837300
2020-11-05,1.0367,1.095,1.0309,1.095,36208200
2020-11-06,1.1124,1.2173,1.0775,1.1882,94108500
2020-11-09,1.194,1.3221,1.1882,1.2406,46555200
2020-11-10,1.2581,1.3279,1.2464,1.3279,28683300
2020-11-11,1.3396,1.3396,1.2639,1.2697,8745900
2020-11-12,1.2581,1.3163,1.2522,1.2522,8869500
2020-11-13,1.2581,1.2697,1.2348,1.2464,6270300
2020-11-16,1.2464,1.293,1.2056,1.2522,10221000
2020-11-17,1.2697,1.2813,1.2522,1.2813,9424350
2020-11-18,1.2813,1.2813,1.2522,1.2813,6878550
2020-11-19,1.2697,1.3279,1.2522,1.2697,12562500
2020-11-20,1.2697,1.4503,1.2639,1.3571,48689400
2020-11-23,1.3862,1.4211,1.3745,1.4095,17835750
2020-11-24,1.4153,1.4386,1.3687,1.3804,16844700
2020-11-25,1.392,1.4095,1.3687,1.3745,12423600
2020-11-26,1.3862,1.4095,1.3687,1.3804,20087850
2020-11-27,1.3862,1.4561,1.3804,1.4444,28487700
2020-11-30,1.4487,1.5772,1.4487,1.5363,29146050
2020-12-01,1.548,1.6064,1.5071,1.5422,19864050
2020-12-02,1.5538,1.5597,1.5188,1.5422,4928400
2020-12-03,1.5422,1.5655,1.513,1.5246,11524650
2020-12-04,1.5188,1.5538,1.4954,1.5188,11369400
2020-12-07,1.5363,1.583,1.513,1.5188,13261800
2020-12-08,1.5363,1.7466,1.5305,1.694,33109200
2020-12-09,1.6882,1.694,1.6415,1.6882,16222800
2020-12-10,1.6882,1.8109,1.6824,1.7758,19676250
2020-12-11,1.7817,1.8109,1.6473,1.6648,21818250
2020-12-14,1.6707,1.7174,1.5947,1.6531,13711200
2020-12-15,1.659,1.6999,1.659,1.6707,8279850
2020-12-16,1.6882,1.7349,1.6765,1.7174,11795250
2020-12-17,1.7291,1.8926,1.7232,1.805,37677450
2020-12-18,1.8167,1.8693,1.7817,1.8693,15928200
2020-12-21,1.8693,1.8693,1.7525,1.7758,10625100
2020-12-22,1.7525,1.77,1.7174,1.7291,17112900
2020-12-23,1.7291,1.7992,1.7291,1.7641,13397250
2020-12-24,1.7817,1.7817,1.7349,1.7525,6298200
2020-12-28,1.77,1.7933,1.7466,1.77,8796450
2020-12-29,1.77,1.7817,1.7525,1.7641,6632400
2020-12-30,1.7641,1.8751,1.7466,1.8518,18226650
2020-12-31,1.8401,1.8634,1.8167,1.8226,6029400
2021-01-04,1.8342,1.8634,1.8167,1.8342,7457700
2021-01-05,1.8342,1.8459,1.7992,1.8226,14967300
2021-01-06,1.8167,1.8401,1.7525,1.77,10447800
2021-01-07,1.7583,1.7992,1.6765,1.7758,17043900
2021-01-08,1.7583,1.7641,1.694,1.6999,10828950
2021-01-11,1.694,1.7408,1.6239,1.6765,14714700
2021-01-12,1.6531,1.694,1.5947,1.6824,13227600
2021-01-13,1.6882,1.7992,1.6882,1.7817,16729650
2021-01-14,1.7817,1.7992,1.7583,1.77,6469050
2021-01-15,1.77,1.8284,1.7583,1.77,8782350
2021-01-18,1.77,1.77,1.7408,1.7408,7048050
2021-01-19,1.7466,1.77,1.7232,1.7525,3187050
2021-01-20,1.7525,1.8576,1.7466,1.7875,19598100
2021-01-21,1.7875,1.8226,1.7525,1.7758,9500850
2021-01-22,1.7758,1.805,1.7583,1.7758,9526500
2021-01-25,1.7758,1.7758,1.6999,1.7291,14987700
2021-01-26,1.7232,1.7525,1.7116,1.7466,8328600
2021-01-27,1.7466,1.7583,1.7349,1.7408,11656050
2021-01-29,1.7408,1.7408,1.6999,1.7291,31860150
2021-02-02,1.7232,1.7349,1.6765,1.6824,11415750
2021-02-03,1.694,1.7349,1.6765,1.6999,12732750
2021-02-04,1.7174,1.7758,1.6999,1.77,14912700
2021-02-05,1.7641,1.8109,1.7349,1.805,9569400
2021-02-08,1.8109,1.8576,1.805,1.8401,12382650
2021-02-09,1.8518,1.9744,1.8459,1.9511,30153300
2021-02-10,1.9569,2.0095,1.8576,1.9861,18823050
2021-02-11,1.9744,2.027,1.9394,2.027,4777950
2021-02-15,2.027,2.0328,1.9277,1.9335,5654400
2021-02-16,1.9335,2.0445,1.9335,2.0387,17461500
2021-02-17,2.0504,2.0621,1.9861,1.992,6563400
2021-02-18,2.0095,2.2022,2.0036,2.1789,20068050
2021-02-19,2.1964,2.3483,2.1964,2.2723,22399050
2021-02-22,2.2899,2.3132,2.2022,2.2198,6567300
2021-02-23,2.2198,2.3717,2.1964,2.3658,14124150
2021-02-24,2.3717,2.395,2.3074,2.3366,28663500
2021-02-25,2.3424,2.4476,2.3366,2.3424,12203400
2021-02-26,2.3483,2.36,2.2607,2.3016,15382050
2021-03-01,2.3074,2.3366,2.3016,2.3016,3439650
2021-03-02,2.3074,2.3366,2.284,2.3191,7078950
2021-03-03,2.3191,2.3191,2.2665,2.2957,5527350
2021-03-04,2.3016,2.3074,2.2373,2.2782,6920100
2021-03-05,2.2782,2.3074,2.2723,2.2723,17465850
2021-03-08,2.2723,2.3308,2.2723,2.3016,7807950
2021-03-09,2.3249,2.3308,2.2431,2.2782,12917700
2021-03-10,2.2782,2.2782,2.2548,2.2782,3881700
2021-03-11,2.2823,2.2881,2.253,2.2823,6411150
2021-03-12,2.2823,2.3115,2.2764,2.2823,11839350
2021-03-15,2.2823,2.2823,2.2355,2.253,4306800
2021-03-16,2.253,2.2764,2.1126,2.2472,13729950
2021-03-17,2.2823,2.2823,2.2355,2.253,5210250
2021-03-18,2.253,2.2764,2.2413,2.2647,16614750
2021-03-19,2.2647,2.2647,2.2355,2.2589,18488550
2021-03-22,2.2589,2.2764,2.2413,2.253,12889650
2021-03-23,2.253,2.2764,2.2472,2.253,13414650
2021-03-24,2.2706,2.2706,2.2355,2.2472,2524650
2021-03-25,2.253,2.2589,2.2355,2.253,4350300
2021-03-26,2.253,2.2589,2.2004,2.2004,6390150
2021-03-29,2.2062,2.4052,2.2062,2.2589,16758900
2021-03-30,2.2706,2.3993,2.2706,2.3876,13077000
2021-03-31,2.3993,2.452,2.3525,2.411,11518650
2021-04-01,2.411,2.4169,2.3584,2.3759,6573900
2021-04-02,2.3876,2.411,2.3759,2.4052,4043400
2021-04-05,2.411,2.4754,2.411,2.4578,13639650
2021-04-06,2.4696,2.5164,2.4344,2.4871,9728400
2021-04-07,2.5047,2.5632,2.3467,2.3759,19934100
2021-04-08,2.3935,2.4813,2.3818,2.4813,11683650
2021-04-09,2.4871,2.5222,2.4344,2.4813,9263100
2021-04-12,2.4813,2.5047,2.4461,2.4754,6134700
2021-04-13,2.4754,2.493,2.3993,2.3993,10147350
2021-04-14,2.411,2.4578,2.411,2.4578,8308350
2021-04-15,2.4637,2.4637,2.3642,2.3642,22874550
2021-04-16,2.3993,2.411,2.335,2.3408,9289950
2021-04-19,2.3701,2.411,2.3291,2.3291,7168050
2021-04-20,2.3174,2.3467,2.2589,2.2823,9728400
2021-04-21,2.2823,2.3291,2.2823,2.2998,6199650
2021-04-22,2.2998,2.3291,2.2647,2.3291,10862700
2021-04-23,2.335,2.3759,2.3057,2.3467,6869400
2021-04-26,2.3701,2.4344,2.3408,2.4052,10218300
2021-04-27,2.411,2.4344,2.3642,2.4344,6284400
2021-04-28,2.4461,2.4461,2.3701,2.3701,6817050
2021-04-30,2.3876,2.3993,2.3174,2.335,5904900
2021-05-03,2.3701,2.3759,2.2589,2.2706,9220800
2021-05-04,2.294,2.3115,2.2706,2.2998,5491500
2021-05-05,2.2998,2.2998,2.2121,2.2179,10299900
2021-05-06,2.2238,2.2647,2.1945,2.2647,8803500
2021-05-07,2.2764,2.3408,2.2413,2.3408,7764750
2021-05-10,2.3408,2.3408,2.2881,2.3057,8756100
2021-05-11,2.2881,2.294,2.2355,2.2706,6770250
2021-05-12,2.253,2.253,2.136,2.1652,13961400
2021-05-17,2.1711,2.2589,2.1711,2.2472,11014500
2021-05-18,2.2472,2.253,2.2121,2.2179,7633200
2021-05-19,2.2238,2.2413,2.2004,2.2062,4271400
2021-05-20,2.2109,2.3106,2.1874,2.2109,9274200
2021-05-21,2.2109,2.2578,2.1816,2.2461,11962500
2021-05-24,2.2461,2.293,2.2461,2.2813,7449900
2021-05-25,2.2871,2.3458,2.2637,2.293,10908900
2021-05-27,2.3223,2.3575,2.2578,2.2578,13760850
2021-05-28,2.2813,2.3399,2.2695,2.3106,4857600
2021-05-31,2.2637,2.4279,2.2578,2.3458,10374450
2021-06-01,2.3458,2.3751,2.3165,2.3751,1761150
2021-06-02,2.3751,2.3986,2.3223,2.3341,9404100
2021-06-03,2.3516,2.3751,2.3282,2.3399,3094800
2021-06-04,2.3516,2.3575,2.3106,2.3106,5229750
2021-06-08,2.3165,2.3516,2.2813,2.3165,7794300
2021-06-09,2.3165,2.3399,2.2285,2.252,7719300
2021-06-10,2.2461,2.2578,2.2285,2.2402,4832400
2021-06-11,2.2402,2.252,2.1698,2.1816,15615300
2021-06-14,2.1874,2.2402,2.1816,2.2226,7221150
2021-06-15,2.2285,2.2285,2.1874,2.2226,10755150
2021-06-16,2.2226,2.2285,2.1933,2.1992,12475500
2021-06-17,2.205,2.2871,2.1933,2.2871,26316450
2021-06-18,2.2871,2.3223,2.2344,2.2871,139404750
2021-06-21,2.2695,2.2813,2.1816,2.205,11976150
2021-06-22,2.2109,2.2402,2.1992,2.205,28502550
2021-06-23,2.205,2.2109,2.0819,2.1523,21767850
2021-06-24,2.1523,2.205,2.0936,2.1933,11725950
2021-06-25,2.1933,2.1992,2.1288,2.1698,12389250
2021-06-28,2.1698,2.1816,2.1112,2.1523,10372050
2021-06-29,2.1523,2.164,2.1171,2.1405,7457250
2021-06-30,2.1171,2.1464,2.1053,2.1053,4994100
2021-07-01,2.1112,2.1288,2.1053,2.1171,2683950
2021-07-02,2.1171,2.1464,2.0936,2.1464,3463950
2021-07-05,2.1464,2.1464,2.1053,2.1171,2324550
2021-07-06,2.1171,2.164,2.1171,2.164,2924850
2021-07-07,2.1698,2.2109,2.1405,2.2109,9134850
2021-07-08,2.1874,2.1874,2.0936,2.1053,10267650
2021-07-09,2.1053,2.1464,2.1053,2.1464,7013850
2021-07-12,2.1464,2.1581,2.0936,2.0995,1796550
2021-07-13,2.0936,2.1053,1.9998,2.0115,12440250
2021-07-14,2.0115,2.0291,1.9353,1.9529,8027400
2021-07-15,1.9353,2.0702,1.9353,2.0584,8012400
2021-07-16,2.0584,2.0584,1.9939,2.0056,4346700
2021-07-19,2.0056,2.0526,2.0056,2.0408,4676400
2021-07-21,2.0408,2.0467,1.9353,1.9587,12640950
2021-07-22,1.9881,2.0408,1.9822,2.035,6354150
2021-07-23,2.0408,2.0526,2.0174,2.0467,3022800
2021-07-26,2.0467,2.076,2.0056,2.0408,5854800
2021-07-27,2.0408,2.0526,2.0174,2.0526,3975150
2021-07-28,2.035,2.0702,2.0174,2.0526,4100400
2021-07-29,2.0408,2.0702,2.0056,2.0115,5904900
2021-07-30,2.0408,2.0467,2.0056,2.0467,2224800
2021-08-02,2.0232,2.035,2.0115,2.0291,3503100
2021-08-03,2.0232,2.0408,2.0056,2.0115,6854700
2021-08-04,1.9998,2.0174,1.9411,1.9529,22671150
2021-08-05,1.9587,2.0115,1.9529,1.9822,11797950
2021-08-06,1.9705,2.0584,1.9411,2.0584,19612500
2021-08-09,2.0643,2.1229,2.0584,2.1171,11346000
2021-08-11,2.1229,2.2402,2.1171,2.2285,11272050
2021-08-12,2.2285,2.2461,2.1757,2.2344,6162450
2021-08-13,2.2402,2.2695,2.2226,2.2637,7624050
2021-08-16,2.2461,2.252,2.1992,2.2226,5549250
2021-08-17,2.2402,2.293,2.2226,2.2754,5506200
2021-08-18,2.2754,2.2813,2.2168,2.2226,2044950
2021-08-19,2.2285,2.3106,2.2226,2.2871,11737800
2021-08-20,2.2871,2.3047,2.2578,2.2813,4064250
2021-08-23,2.2813,2.2871,2.2637,2.2695,4400100
2021-08-24,2.2695,2.2695,2.2226,2.2285,7899000
2021-08-25,2.1992,2.2285,2.1405,2.1698,9788850
2021-08-26,2.1499,2.1675,2.1029,2.1499,17069400
2021-08-27,2.1205,2.144,2.1146,2.1205,5579850
2021-08-30,2.1264,2.1792,2.1146,2.1323,10440000
2021-09-01,2.1323,2.2732,2.1323,2.2674,33962850
2021-09-02,2.2674,2.3378,2.2615,2.3026,22523250
2021-09-03,2.3026,2.3202,2.238,2.2615,14002050
2021-09-06,2.2615,2.285,2.238,2.2556,14842650
2021-09-07,2.2732,2.3143,2.2732,2.3085,13910100
2021-09-08,2.3202,2.3202,2.2674,2.285,8637150
2021-09-09,2.2909,2.3026,2.2615,2.2909,4231500
2021-09-10,2.2909,2.2909,2.2556,2.2909,2970150
2021-09-13,2.2909,2.2909,2.2497,2.2909,3041100
2021-09-14,2.2909,2.3085,2.2791,2.2909,3866250
2021-09-15,2.2967,2.3202,2.2909,2.3202,8856300
2021-09-17,2.3026,2.3085,2.2321,2.3085,24023550
2021-09-20,2.2732,2.3085,2.2674,2.2791,1789500
2021-09-21,2.2497,2.332,2.2497,2.2967,6864600
2021-09-22,2.2967,2.3026,2.2732,2.2909,2164050
2021-09-23,2.285,2.3026,2.2791,2.2909,3420300
2021-09-24,2.2967,2.3085,2.2909,2.3085,6760350
2021-09-27,2.3085,2.3378,2.2791,2.2909,7962450
2021-09-28,2.2791,2.285,2.238,2.2615,5853000
2021-09-29,2.2615,2.2909,2.2204,2.2909,5900250
2021-09-30,2.2909,2.2909,2.2497,2.2909,3131100
2021-10-01,2.2909,2.2909,2.2204,2.2321,5010900
2021-10-04,2.2439,2.2909,2.1851,2.1969,8359200
2021-10-05,2.191,2.2027,2.1558,2.2027,7777650
2021-10-06,2.1969,2.2027,2.1616,2.1792,7217250
2021-10-07,2.1851,2.1851,2.144,2.144,9295650
2021-10-08,2.1499,2.1851,2.1499,2.1734,6086850
2021-10-11,2.1734,2.1851,2.1499,2.1499,5686800
2021-10-12,2.1499,2.1616,2.1205,2.1499,7915800
2021-10-13,2.1558,2.2086,2.1499,2.1792,5110350
2021-10-14,2.1851,2.191,2.1558,2.1616,4409100
2021-10-15,2.1734,2.191,2.1616,2.1734,4176600
2021-10-18,2.1734,2.1969,2.144,2.144,9892200
2021-10-20,2.1499,2.1499,2.1264,2.1381,9066000
2021-10-21,2.1381,2.1675,2.1264,2.1675,6033600
2021-10-22,2.1675,2.1675,2.1381,2.1499,5871150
2021-10-25,2.1499,2.1792,2.144,2.1558,3381750
2021-10-26,2.1675,2.2321,2.1616,2.2204,5508000
2021-10-27,2.2321,2.2497,2.2027,2.2204,3798150
2021-10-28,2.2027,2.2204,2.2027,2.2086,2162250
2021-10-29,2.2145,2.2204,2.1851,2.2145,1209600
2021-11-01,2.2027,2.2145,2.144,2.1616,4011900
2021-11-02,2.1616,2.1675,2.0735,2.0911,4887750
2021-11-03,2.1029,2.1616,2.097,2.1323,7499100
2021-11-05,2.1323,2.1792,2.1146,2.1558,3253200
2021-11-08,2.1558,2.1851,2.1264,2.1616,2247150
2021-11-09,2.1734,2.1734,2.1381,2.1734,1774950
2021-11-10,2.1734,2.1734,2.1381,2.144,1587750
2021-11-11,2.144,2.144,2.1264,2.1381,2662350
2021-11-12,2.1381,2.144,2.1146,2.1323,6823950
2021-11-15,2.1323,2.1381,2.1146,2.1323,2136150
2021-11-16,2.1323,2.1616,2.1205,2.1205,2463750
2021-11-17,2.1264,2.144,2.1264,2.1264,1646250
2021-11-18,2.1205,2.1381,2.1146,2.1381,3174300
2021-11-19,2.1323,2.1499,2.1205,2.1205,1983000
2021-11-22,2.1323,2.1499,2.1146,2.1205,4425750
2021-11-23,2.1205,2.1264,2.0911,2.0911,1153050
2021-11-24,2.1088,2.1146,2.0911,2.097,6251850
2021-11-25,2.097,2.1088,2.0794,2.0911,4056900
2021-11-26,2.0911,2.1029,2.0676,2.0676,7654800
2021-11-29,2.0715,2.0715,2.0479,2.0597,3177300
2021-11-30,2.0479,2.1009,2.0479,2.0774,6642000
2021-12-01,2.0774,2.0774,2.0597,2.0597,1752150
2021-12-02,2.0597,2.0891,2.0597,2.0774,1975500
2021-12-06,2.0715,2.1009,2.0244,2.0244,4215000
2021-12-07,2.0244,2.0832,2.0126,2.0715,4222650
2021-12-08,2.0715,2.0715,2.0597,2.0597,1359300
2021-12-09,2.0597,2.0656,2.0303,2.0597,1935000
2021-12-10,2.042,2.0891,2.042,2.0656,879300
2021-12-13,2.0832,2.0832,2.0538,2.0715,1914450
2021-12-14,2.0715,2.0715,2.0244,2.0244,5212650
2021-12-15,2.0244,2.0479,2.0244,2.0303,1759050
2021-12-16,2.0303,2.042,1.995,1.995,4733100
2021-12-17,1.9891,2.0303,1.9773,1.995,7785300
2021-12-20,1.995,2.0008,1.9832,1.995,2538300
2021-12-21,1.995,1.995,1.9655,1.9773,7767300
2021-12-22,1.9773,2.0656,1.9773,2.0126,9746700
2021-12-23,2.0067,2.0715,2.0067,2.0715,4975500
2021-12-24,2.0715,2.1009,2.0597,2.1009,1552650
2021-12-27,2.1009,2.1009,2.0891,2.0891,3322800
2021-12-28,2.0774,2.095,2.0774,2.0774,3458250
2021-12-29,2.0891,2.1127,2.0774,2.095,2990400
2021-12-30,2.095,2.1244,2.0774,2.1068,3335250
2021-12-31,2.1068,2.1303,2.1068,2.1244,1067100
2022-01-03,2.1244,2.1362,2.1127,2.1362,1702500
2022-01-04,2.1362,2.1362,2.1185,2.1244,1627050
2022-01-05,2.1244,2.1539,2.1185,2.148,6628650
2022-01-06,2.1421,2.1892,2.1362,2.1774,4444050
2022-01-07,2.1774,2.2068,2.1656,2.2068,2460450
2022-01-10,2.2068,2.2186,2.195,2.2186,5005050
2022-01-11,2.2068,2.2186,2.1833,2.2009,4033800
2022-01-12,2.2009,2.2127,2.1833,2.2068,6158100
2022-01-13,2.1892,2.2127,2.1892,2.2009,1081950
2022-01-14,2.195,2.195,2.1539,2.1774,4938600
2022-01-17,2.1774,2.1774,2.1597,2.1715,2431500
2022-01-19,2.1774,2.1774,2.148,2.1656,7017600
2022-01-20,2.1656,2.1656,2.1303,2.1421,3138150
2022-01-21,2.1362,2.1362,2.1127,2.1127,2831400
2022-01-24,2.1127,2.1185,2.1009,2.1009,2348700
2022-01-25,2.095,2.1009,2.0656,2.0832,2684100
2022-01-26,2.0832,2.1303,2.0774,2.1185,5098200
2022-01-27,2.1303,2.1362,2.1127,2.1185,9404250
2022-01-28,2.1185,2.1421,2.0774,2.0832,2362800
2022-01-31,2.0891,2.1127,2.0832,2.0891,713850
2022-02-03,2.0832,2.1303,2.0832,2.1127,3079050
2022-02-04,2.1185,2.1185,2.0597,2.0656,2558100
2022-02-07,2.0715,2.1303,2.0715,2.1185,4371000
2022-02-08,2.1185,2.1539,2.0891,2.1421,7909800
2022-02-09,2.148,2.1715,2.1303,2.1539,2698500
2022-02-10,2.1539,2.1715,2.1303,2.1362,3023700
2022-02-11,2.1362,2.2127,2.1362,2.195,5880000
2022-02-14,2.1833,2.2068,2.1656,2.195,4282200
2022-02-15,2.195,2.2186,2.1774,2.2068,6800850
2022-02-16,2.2186,2.2421,2.2068,2.2304,3727650
2022-02-17,2.2362,2.2539,2.1774,2.2009,10255050
2022-02-18,2.1833,2.2127,2.1539,2.1656,7391400
2022-02-21,2.1539,2.1774,2.1362,2.1715,2705400
2022-02-22,2.148,2.1774,2.148,2.1656,2456850
2022-02-23,2.1539,2.1774,2.148,2.1656,1937250
2022-02-24,2.1656,2.1833,2.1185,2.1421,4995450
2022-02-25,2.1303,2.1774,2.1303,2.1715,3631950
2022-02-28,2.1715,2.1715,2.1068,2.1362,7121250
2022-03-01,2.1362,2.1597,2.095,2.1185,6339600
2022-03-02,2.1185,2.1421,2.1068,2.1185,3083400
2022-03-03,2.1239,2.1298,2.1003,2.1239,3640500
2022-03-04,2.1003,2.1298,2.0885,2.118,5028000
2022-03-07,2.1121,2.1121,2.0118,2.0413,10528650
2022-03-08,2.0413,2.0472,1.9941,2.0118,4600500
2022-03-09,1.9941,2.1003,1.9823,2.0826,6941550
2022-03-10,2.118,2.1298,2.0649,2.118,4501500
2022-03-11,2.118,2.1357,2.1062,2.1239,3974250
2022-03-14,2.1239,2.1534,2.118,2.1475,2352900
2022-03-15,2.1475,2.1475,2.1003,2.118,1704900
2022-03-16,2.1239,2.1357,2.0767,2.1121,3378150
2022-03-17,2.1239,2.1298,2.0944,2.1062,3708000
2022-03-18,2.1062,2.1239,2.0708,2.0708,6724050
2022-03-21,2.0885,2.1121,2.0413,2.059,2496750
2022-03-22,2.059,2.0885,2.0413,2.0708,2689500
2022-03-23,2.0649,2.1062,2.059,2.0767,4505400
2022-03-24,2.0767,2.0944,2.0354,2.0472,8960250
2022-03-25,2.059,2.0767,2.0413,2.0472,1615200
2022-03-28,2.0413,2.0708,2.0236,2.0413,1736850
2022-03-29,2.1121,2.1121,2.0236,2.0354,4154550
2022-03-30,2.0472,2.059,2.0354,2.0354,1849650
2022-03-31,2.0354,2.0472,2.0354,2.0413,6133200
2022-04-01,2.0413,2.0531,2.0354,2.0354,1334100
2022-04-04,2.0354,2.0354,2.0177,2.0295,1286700
2022-04-05,2.0295,2.0354,2.0118,2.0295,4662300
2022-04-06,2.0295,2.0295,2.0059,2.0059,6153300
2022-04-07,2.0059,2.0118,1.9823,1.9941,4881300
2022-04-08,2.0,2.0059,1.9764,1.9764,4539300
2022-04-11,1.9823,1.9823,1.941,1.941,5240700
2022-04-12,1.941,1.9705,1.941,1.9646,923700
2022-04-13,1.9705,2.0295,1.9646,2.0059,6101100
2022-04-14,2.0059,2.0295,2.0,2.0236,2067000
2022-04-15,2.0177,2.0177,2.0,2.0059,611250
2022-04-18,2.0059,2.0059,1.9823,2.0059,1789950
2022-04-20,2.0118,2.0767,2.0118,2.0708,7412250
2022-04-21,2.0708,2.1003,2.0708,2.0708,4970700
2022-04-22,2.059,2.0649,2.0472,2.0472,2618100
2022-04-25,2.0472,2.0472,2.0236,2.0295,853800
2022-04-26,2.059,2.0826,2.0118,2.0295,4033200
2022-04-27,2.0236,2.0531,2.0059,2.0295,2792850
2022-04-28,2.0295,2.059,2.0295,2.0472,848250
2022-04-29,2.0472,2.0767,2.0354,2.0708,2306850
2022-05-05,2.0531,2.1062,2.0531,2.0826,5727600
2022-05-06,2.0531,2.1003,2.0472,2.0767,5230200
2022-05-09,2.0767,2.1003,2.0649,2.0767,6819900
2022-05-10,2.0649,2.0944,2.0531,2.059,5248800
2022-05-11,2.0531,2.0885,2.0472,2.0649,8510100
2022-05-12,2.0649,2.0649,2.0118,2.0236,6366900
2022-05-13,2.1416,2.2359,2.0708,2.0944,75972300
2022-05-17,2.0944,2.1003,1.9882,2.0,27286200
2022-05-18,2.0177,2.0531,2.0059,2.0413,14426100
2022-05-19,2.0118,2.0413,1.9941,2.0177,16431450
2022-05-20,2.0059,2.0531,2.0059,2.0295,19893900
2022-05-23,2.0177,2.0177,1.9941,2.0177,14670900
2022-05-24,2.0059,2.0531,2.0,2.0236,22147050
2022-05-25,2.0236,2.0531,2.0177,2.0236,23930700
2022-05-26,2.0295,2.0295,1.9882,2.0177,17508900
2022-05-27,2.0059,2.0295,1.9941,2.0177,15022050
2022-05-30,2.0059,2.0236,1.9882,2.0059,26144250
2022-05-31,2.0118,2.0177,1.9174,1.9174,194137800
2022-06-01,1.8938,1.9469,1.8879,1.8997,27547200
2022-06-02,1.9097,1.9215,1.892,1.8979,10149600
2022-06-03,1.892,1.9275,1.8802,1.9215,12504450
2022-06-07,1.9156,1.9452,1.9038,1.9215,9039750
2022-06-08,1.9215,1.9275,1.8979,1.8979,3635400
2022-06-09,1.8979,1.9156,1.8506,1.9156,7055400
2022-06-10,1.9097,1.9097,1.8624,1.892,11120250
2022-06-13,1.8565,1.8565,1.8033,1.821,7733850
2022-06-14,1.8092,1.8565,1.7974,1.8447,3810600
2022-06-15,1.8447,1.8447,1.7856,1.7915,8309550
2022-06-16,1.8033,1.8151,1.7264,1.7619,10631100
2022-06-17,1.7442,1.7501,1.7028,1.7087,45644700
2022-06-20,1.7087,1.7442,1.685,1.7383,8334600
2022-06-21,1.7442,1.7737,1.7323,1.7619,5643750
2022-06-22,1.7737,1.9156,1.6939,1.6939,5632100
2022-06-23,1.6939,1.7294,1.6939,1.7028,4490700
2022-06-24,1.6939,1.7649,1.6939,1.7471,4133000
2022-06-27,1.7471,1.8003,1.7383,1.7737,3297200
2022-06-28,1.7826,1.8536,1.7471,1.8358,4870500
2022-06-29,1.8269,1.8358,1.7826,1.8181,9306000
2022-06-30,1.8003,1.8447,1.8003,1.8358,3277700
2022-07-01,1.8092,1.8358,1.8003,1.8269,1125300
2022-07-04,1.8269,1.8269,1.756,1.7737,3697400
2022-07-05,1.7649,1.8269,1.7649,1.8092,2964000
2022-07-06,1.7915,1.8269,1.7737,1.8092,2828600
2022-07-07,1.7826,1.8536,1.7826,1.8269,1626100
2022-07-08,1.8358,1.8713,1.8181,1.8536,3077300
2022-07-12,1.8358,1.8536,1.7737,1.8003,2401300
2022-07-13,1.8003,1.8536,1.8003,1.8536,5433800
2022-07-14,1.8447,1.8802,1.8358,1.8447,3200900
2022-07-15,1.8447,1.8536,1.8269,1.8447,461300
2022-07-18,1.8447,1.8624,1.8003,1.8447,2633100
2022-07-19,1.8092,1.8624,1.8003,1.8536,2398500
2022-07-20,1.8802,1.889,1.8536,1.8624,3412600
2022-07-21,1.8802,1.9068,1.8447,1.8713,3097100
2022-07-22,1.889,1.889,1.8536,1.8802,1664400
2022-07-25,1.8802,1.9068,1.8713,1.8979,2605000
2022-07-26,1.8979,1.9245,1.8802,1.9156,5604300
2022-07-27,1.9334,1.9511,1.9156,1.9511,5506100
2022-07-28,1.9511,1.96,1.9334,1.96,3169300
2022-07-29,1.9688,1.9866,1.9511,1.9688,4081000
2022-08-01,1.9866,2.0664,1.9866,2.0043,6565800
2022-08-02,2.0043,2.0398,2.0043,2.0309,3910500
2022-08-03,2.0221,2.0753,2.0043,2.0575,3753600
2022-08-04,2.0753,2.093,2.0398,2.0575,7522100
2022-08-05,2.0575,2.0575,1.9334,1.9866,13518500
2022-08-08,1.9955,1.9955,1.8802,1.9156,6415100
2022-08-09,1.9156,1.9334,1.889,1.9156,3338200
2022-08-10,1.9156,1.9156,1.8358,1.889,12360100
2022-08-11,1.889,1.9156,1.8713,1.9068,6679300
2022-08-12,1.9068,1.9156,1.8713,1.8713,3996600
2022-08-15,1.8713,1.8802,1.8269,1.8536,6612500
2022-08-16,1.8624,1.8979,1.8536,1.889,8918400
2022-08-17,1.889,1.9245,1.8802,1.9156,11214800
2022-08-18,1.9156,1.9156,1.8713,1.889,4008500
2022-08-19,1.8802,1.9068,1.8536,1.8536,2225500
2022-08-22,1.8536,1.8536,1.7826,1.8358,4392200
2022-08-23,1.8358,1.8447,1.8092,1.8269,3720000
2022-08-24,1.8323,1.859,1.8056,1.859,3405100
2022-08-25,1.859,1.8768,1.8412,1.8679,3725700
2022-08-26,1.859,1.8768,1.8501,1.859,3357900
2022-08-29,1.8412,1.8679,1.8234,1.8679,3394200
2022-08-30,1.8679,1.9301,1.859,1.9301,10320700
2022-09-01,1.9301,1.939,1.859,1.8857,5366800
2022-09-02,1.8857,1.8857,1.8412,1.859,2681000
2022-09-05,1.8679,1.8857,1.8501,1.8679,1656400
2022-09-06,1.8679,1.8857,1.8679,1.8679,1882900
2022-09-07,1.8679,1.8857,1.8501,1.8679,2334700
2022-09-08,1.859,1.8945,1.859,1.8768,2803300
2022-09-09,1.8679,1.8945,1.8679,1.8945,1066800
2022-09-12,1.8857,1.9034,1.8501,1.8679,1691300
2022-09-13,1.8768,1.9034,1.8679,1.8945,4169800
2022-09-14,1.8679,1.9034,1.8501,1.8945,3236800
2022-09-15,1.8945,1.8945,1.859,1.8768,13156500
2022-09-19,1.8679,1.8679,1.7878,1.8056,9545100
2022-09-20,1.8056,1.8323,1.7789,1.8145,2383500
2022-09-21,1.8056,1.8234,1.7878,1.7967,6406300
2022-09-22,1.7967,1.8323,1.7789,1.8056,3083300
2022-09-23,1.8056,1.8145,1.7522,1.7611,5946100
2022-09-26,1.7611,1.77,1.7078,1.7344,11328500
2022-09-27,1.7611,1.7789,1.7167,1.77,3288700
2022-09-28,1.7789,1.7878,1.7522,1.77,4411600
2022-09-29,1.7789,1.7789,1.7256,1.7522,3200100
2022-09-30,1.7256,1.7522,1.7256,1.7522,2953400
2022-10-03,1.7522,1.7522,1.69,1.7167,3371400
2022-10-04,1.7255,1.8234,1.7167,1.7967,3807900
2022-10-05,1.7967,1.7967,1.7522,1.77,2435100
2022-10-06,1.77,1.8145,1.77,1.8056,2873300
2022-10-07,1.8056,1.8056,1.7522,1.77,2431700
2022-10-11,1.7522,1.7789,1.7078,1.7522,3110200
2022-10-12,1.7344,1.7433,1.6544,1.69,3900800
2022-10-13,1.69,1.7167,1.6366,1.6989,5026900
2022-10-14,1.7078,1.7522,1.6989,1.7433,4312300
2022-10-17,1.7433,1.7433,1.6722,1.6989,2512800
2022-10-18,1.7078,1.7433,1.6989,1.7167,1610800
2022-10-19,1.7167,1.77,1.7167,1.7522,1725600
2022-10-20,1.7522,1.8056,1.7433,1.7878,6098900
2022-10-21,1.7878,1.8056,1.7522,1.7789,2146400
2022-10-25,1.7789,1.7878,1.7344,1.7611,3004600
2022-10-26,1.7878,1.7878,1.7078,1.7433,5571300
2022-10-27,1.7433,1.7789,1.7255,1.7433,1985400
2022-10-28,1.7611,1.7611,1.7167,1.7344,2414800
2022-10-31,1.7611,1.7967,1.7433,1.7967,5314400
2022-11-01,1.7967,1.7967,1.7611,1.7789,1459300
2022-11-02,1.7789,1.8056,1.7611,1.7878,2801500
2022-11-03,1.7789,1.7789,1.69,1.7344,8191900
2022-11-04,1.7344,1.7967,1.7167,1.7967,2247000
2022-11-07,1.7878,1.7878,1.7433,1.7611,2703600
2022-11-08,1.7789,1.7789,1.7433,1.7611,1211900
2022-11-09,1.7611,1.77,1.7256,1.77,3752100
2022-11-10,1.77,1.77,1.7433,1.7611,1453900
2022-11-11,1.77,1.8145,1.7611,1.8145,5294700
2022-11-14,1.8145,1.8234,1.7878,1.8145,2649600
2022-11-15,1.8056,1.8056,1.7789,1.7967,2280000
2022-11-16,1.7967,1.8323,1.7789,1.8323,3744600
2022-11-17,1.8056,1.8056,1.7522,1.7789,3208200
2022-11-21,1.7522,1.77,1.7078,1.7522,3068900
2022-11-22,1.7522,1.77,1.7344,1.7344,1839800
2022-11-23,1.7433,1.77,1.7344,1.7433,1736600
2022-11-24,1.7611,1.7967,1.7522,1.7789,3302000
2022-11-25,1.7655,1.8101,1.7655,1.7834,3205700
2022-11-29,1.7834,1.7834,1.7566,1.7834,3062100
2022-11-30,1.7834,1.8725,1.7655,1.8725,31271700
2022-12-01,1.8725,1.9617,1.8369,1.9617,10330200
2022-12-02,1.935,1.935,1.8725,1.9082,4409100
2022-12-05,1.9082,1.9082,1.828,1.8369,2511100
2022-12-06,1.828,1.8725,1.828,1.8547,2631100
2022-12-07,1.8547,1.8636,1.8547,1.8636,2459000
2022-12-08,1.8725,1.8993,1.8636,1.8815,4100600
2022-12-09,1.8815,1.8815,1.8369,1.8458,1895100
2022-12-12,1.8458,1.8458,1.819,1.828,3080000
2022-12-13,1.828,1.8636,1.8101,1.8369,1783900
2022-12-14,1.828,1.8636,1.8012,1.819,2443100
2022-12-15,1.8101,1.828,1.7655,1.7834,2478800
2022-12-16,1.7745,1.819,1.7566,1.819,12719800
2022-12-19,1.7923,1.8458,1.7923,1.8369,1966700
2022-12-20,1.819,1.8547,1.819,1.8369,1587100
2022-12-21,1.819,1.8547,1.8101,1.8369,1642500
2022-12-22,1.8458,1.8547,1.819,1.828,3099600
2022-12-23,1.8101,1.8369,1.8012,1.819,1557700
2022-12-27,1.8101,1.8369,1.8101,1.828,2269100
2022-12-28,1.828,1.8369,1.8101,1.828,898400
2022-12-29,1.828,1.8458,1.8101,1.819,2228000
2022-12-30,1.819,1.8547,1.7745,1.7834,4447800
2023-01-03,1.7834,1.8012,1.7655,1.7834,1624100
2023-01-04,1.7834,1.819,1.7745,1.7745,1706800
2023-01-05,1.7655,1.7834,1.7655,1.7745,1391300
2023-01-06,1.7834,1.819,1.7745,1.819,3364000
2023-01-09,1.819,1.8369,1.819,1.8369,3771500
2023-01-10,1.8369,1.8369,1.8012,1.819,6016600
2023-01-11,1.828,1.8369,1.7477,1.7566,9782000
2023-01-12,1.7655,1.7655,1.7477,1.7566,7753900
2023-01-13,1.7655,1.7655,1.7477,1.7477,5168400
2023-01-16,1.7566,1.7655,1.721,1.7477,4176000
2023-01-17,1.7477,1.7566,1.7388,1.7566,4281900
2023-01-18,1.7566,1.7655,1.7388,1.7477,4474500
2023-01-19,1.7477,1.7566,1.7388,1.7477,4981000
2023-01-20,1.7477,1.7566,1.7388,1.7477,3382000
2023-01-25,1.7477,1.7655,1.7388,1.7655,1850400
2023-01-26,1.7655,1.7655,1.7388,1.7388,4628300
2023-01-27,1.7477,1.7655,1.7388,1.7655,2952600
2023-01-30,1.7655,1.7655,1.7477,1.7477,8476700
2023-01-31,1.7477,1.7566,1.6318,1.6942,15168300
2023-02-02,1.6942,1.7031,1.6496,1.6496,8523200
2023-02-03,1.6585,1.712,1.6585,1.6942,9219400
2023-02-07,1.6942,1.712,1.605,1.6318,11662300
2023-02-08,1.6318,1.6675,1.6229,1.6496,5665300
2023-02-09,1.6496,1.6764,1.6229,1.6585,6074700
2023-02-10,1.6675,1.6675,1.605,1.6229,4602400
2023-02-13,1.6229,1.6407,1.5605,1.5783,4697600
2023-02-14,1.5872,1.6229,1.5248,1.5605,8820100
2023-02-15,1.5783,1.6585,1.5783,1.6585,12518500
2023-02-16,1.6496,1.6764,1.605,1.614,10039000
2023-02-17,1.614,1.6318,1.605,1.614,5678900
2023-02-20,1.6229,1.6229,1.5961,1.605,7214500
2023-02-21,1.5783,1.605,1.5426,1.5605,8405400
2023-02-22,1.5515,1.5515,1.498,1.507,22135300
2023-02-23,1.507,1.5248,1.4713,1.498,11225200
2023-02-24,1.507,1.5248,1.4445,1.4802,12859600
2023-02-27,1.4802,1.4891,1.4624,1.4713,20182200
2023-02-28,1.4713,1.5159,1.4713,1.5159,11562900
2023-03-01,1.507,1.507,1.4445,1.4713,13272100
2023-03-02,1.4588,1.4946,1.4498,1.4767,6545200
2023-03-03,1.4856,1.5035,1.4588,1.4856,7129900
2023-03-06,1.4856,1.5304,1.4767,1.4946,4265300
2023-03-07,1.5035,1.5304,1.4946,1.5214,5345300
2023-03-08,1.5125,1.5214,1.4767,1.5125,6899600
2023-03-09,1.5125,1.5214,1.4767,1.4856,3162200
2023-03-10,1.4856,1.5304,1.4767,1.5214,4630600
2023-03-13,1.5125,1.5214,1.4856,1.4856,5665100
2023-03-14,1.4856,1.5035,1.4498,1.4856,6281300
2023-03-15,1.4856,1.5214,1.4856,1.5125,3429600
2023-03-16,1.5125,1.5125,1.4677,1.4767,2888000
2023-03-17,1.4856,1.5035,1.4677,1.4767,7030300
2023-03-20,1.4767,1.4767,1.4319,1.4319,4971600
2023-03-21,1.4498,1.4588,1.4051,1.4409,6617500
2023-03-22,1.4498,1.4767,1.4409,1.4677,2926800
2023-03-23,1.4767,1.4856,1.4588,1.4767,3470300
2023-03-24,1.4767,1.4856,1.4677,1.4856,4797400
2023-03-27,1.4856,1.4946,1.4677,1.4767,4527200
2023-03-28,1.4677,1.4767,1.4588,1.4767,5341600
2023-03-29,1.4767,1.4767,1.4498,1.4767,4462000
2023-03-30,1.4767,1.4767,1.3603,1.3693,20950500
2023-03-31,1.3603,1.4409,1.3603,1.3872,16846500
2023-04-03,1.4051,1.4946,1.4051,1.4767,15483000
2023-04-04,1.4677,1.4767,1.4498,1.4677,16281900
2023-04-05,1.4677,1.4677,1.4409,1.4588,3933200
2023-04-06,1.4677,1.4677,1.4319,1.4498,5444800
2023-04-07,1.4498,1.4588,1.4051,1.423,5459100
2023-04-10,1.4319,1.4588,1.4319,1.4588,4638200
2023-04-11,1.4498,1.4856,1.4498,1.4767,11399900
2023-04-12,1.4677,1.4767,1.4498,1.4767,4927300
2023-04-13,1.4498,1.4677,1.4409,1.4588,2997700
2023-04-14,1.4588,1.4767,1.4409,1.4498,4672000
2023-04-17,1.4498,1.4677,1.4409,1.4588,2606500
2023-04-18,1.4588,1.4588,1.4409,1.4588,3080900
2023-04-19,1.4588,1.4767,1.4409,1.4498,8649800
2023-04-20,1.4498,1.4677,1.4409,1.4409,5703800
2023-04-25,1.4409,1.4409,1.414,1.423,3008400
2023-04-26,1.423,1.4319,1.3872,1.3872,2743700
2023-04-27,1.3961,1.414,1.3872,1.4051,1167100
2023-04-28,1.414,1.4319,1.3961,1.414,3872900
2023-05-02,1.414,1.4588,1.414,1.4498,4152100
2023-05-03,1.4498,1.4498,1.3961,1.423,5880200
2023-05-05,1.423,1.423,1.3961,1.4051,1866300
2023-05-08,1.414,1.4498,1.414,1.423,7570000
2023-05-09,1.414,1.4319,1.4051,1.423,5668100
2023-05-10,1.423,1.4588,1.4051,1.423,9596100
2023-05-11,1.423,1.4409,1.4051,1.423,16561600
2023-05-12,1.4498,1.5035,1.4051,1.4319,30140800
2023-05-15,1.4319,1.4498,1.414,1.423,8838300
2023-05-16,1.423,1.4409,1.3961,1.414,9127700
2023-05-17,1.414,1.423,1.3782,1.3961,10820600
2023-05-18,1.3961,1.423,1.3782,1.423,13392200
2023-05-19,1.4319,1.4319,1.4051,1.4319,7873100
2023-05-22,1.4319,1.4767,1.414,1.423,13364000
2023-05-23,1.4319,1.4409,1.414,1.4319,7642300
2023-05-24,1.4319,1.4588,1.423,1.4319,8822400
2023-05-25,1.4409,1.4588,1.423,1.4498,13369700
2023-05-26,1.4588,1.4856,1.423,1.4319,15501100
2023-05-29,1.4409,1.4767,1.4319,1.4409,11967700
2023-05-30,1.4409,1.4677,1.4319,1.4588,14303200
2023-05-31,1.4588,1.4677,1.3872,1.4051,97905800
2023-06-01,1.4104,1.4554,1.3925,1.3925,8955500
2023-06-02,1.4015,1.4374,1.4015,1.4284,6240200
2023-06-06,1.4284,1.4554,1.3565,1.4015,6641000
2023-06-07,1.4015,1.4194,1.3745,1.3835,5937100
2023-06-08,1.3925,1.4104,1.3745,1.4104,4194700
2023-06-09,1.4104,1.4194,1.3745,1.3925,5752700
2023-06-12,1.3925,1.4374,1.3925,1.4194,2958900
2023-06-13,1.4284,1.4464,1.4015,1.4284,3727100
2023-06-14,1.4284,1.4464,1.4104,1.4284,2842100
2023-06-15,1.4194,1.4284,1.3925,1.4194,6129000
2023-06-16,1.4194,1.4194,1.3835,1.3835,21150000
2023-06-19,1.3835,1.4194,1.3745,1.4194,2530700
2023-06-20,1.4194,1.4194,1.3745,1.3835,3968600
2023-06-21,1.3925,1.4644,1.3925,1.4104,5292500
2023-06-22,1.4015,1.4374,1.4015,1.4104,3512400
2023-06-23,1.4104,1.4284,1.4015,1.4104,3841100
2023-06-26,1.4194,1.4464,1.4194,1.4284,3678800
2023-06-27,1.4284,1.4374,1.3835,1.4104,7173500
2023-06-28,1.4194,1.4374,1.4104,1.4194,2796700
2023-06-30,1.4194,1.4374,1.4104,1.4284,8312400
2023-07-03,1.4284,1.4554,1.4194,1.4554,3878900
2023-07-04,1.4554,1.4554,1.4194,1.4284,4323800
2023-07-05,1.4284,1.4284,1.3745,1.3745,7127400
2023-07-06,1.3745,1.4015,1.3655,1.3745,7292800
2023-07-07,1.3655,1.3835,1.3655,1.3655,3025300
2023-07-10,1.3655,1.3745,1.3386,1.3476,3661600
2023-07-11,1.3476,1.3476,1.2937,1.3386,7456800
2023-07-12,1.3386,1.3565,1.3206,1.3476,3838400
2023-07-13,1.3565,1.3565,1.3206,1.3296,3150400
2023-07-14,1.3296,1.3476,1.3116,1.3296,12542400
2023-07-17,1.3296,1.3386,1.3116,1.3206,6619700
2023-07-18,1.3116,1.3296,1.3116,1.3296,3673200
2023-07-20,1.3296,1.3386,1.2937,1.3026,8809300
2023-07-21,1.2937,1.3026,1.2667,1.2757,5774500
2023-07-24,1.2757,1.3206,1.2757,1.2937,5692200
2023-07-25,1.3026,1.3116,1.2847,1.2847,4907700
2023-07-26,1.2937,1.3476,1.2847,1.3386,9649600
2023-07-27,1.3386,1.3386,1.3026,1.3116,6161300
2023-07-28,1.3116,1.3835,1.3026,1.3476,12311700
2023-07-31,1.3476,1.3565,1.3026,1.3206,11765800
2023-08-01,1.3206,1.3296,1.2667,1.2847,11729500
2023-08-02,1.2847,1.2847,1.2487,1.2667,8408400
2023-08-03,1.2577,1.2847,1.2398,1.2667,8648100
2023-08-04,1.2667,1.2757,1.2487,1.2577,3869200
2023-08-07,1.2577,1.2757,1.2308,1.2308,7302100
2023-08-08,1.2308,1.2577,1.2308,1.2487,6581200
2023-08-09,1.2487,1.2847,1.2398,1.2847,13352300
2023-08-10,1.3026,1.4104,1.2937,1.3925,53599100
2023-08-11,1.4015,1.4194,1.3655,1.3835,15285400
2023-08-14,1.3835,1.4104,1.3655,1.4104,7951600
2023-08-15,1.4104,1.4194,1.3835,1.4015,6450100
2023-08-16,1.4015,1.4104,1.3925,1.4104,4807600
2023-08-17,1.4104,1.4194,1.3745,1.4104,9725700
2023-08-18,1.4104,1.4104,1.3925,1.4015,4764600
2023-08-21,1.3925,1.4104,1.3925,1.4015,3211600
2023-08-22,1.4015,1.4104,1.3925,1.3925,5432100
2023-08-23,1.3925,1.4015,1.3745,1.3745,3718500
2023-08-24,1.3835,1.4104,1.3745,1.3835,5937800
2023-08-25,1.3925,1.3925,1.3565,1.3565,6551300
2023-08-28,1.3565,1.3745,1.3565,1.3655,3049000
2023-08-29,1.3728,1.3818,1.3095,1.3457,8353700
2023-08-30,1.3457,1.3998,1.3276,1.3998,30825600
2023-09-01,1.3728,1.3998,1.3457,1.3998,11837100
2023-09-04,1.3998,1.3998,1.3276,1.3276,7090400
2023-09-05,1.3276,1.3547,1.3095,1.3095,10369400
2023-09-06,1.3095,1.3908,1.3095,1.3728,7188100
2023-09-07,1.3818,1.3908,1.3547,1.3547,5636200
2023-09-08,1.3547,1.3818,1.3457,1.3728,4704700
2023-09-11,1.3728,1.3908,1.3457,1.3728,3748000
2023-09-12,1.3728,1.3818,1.3547,1.3728,2846900
2023-09-13,1.3637,1.3637,1.3186,1.3366,9279600
2023-09-14,1.3366,1.3637,1.3366,1.3457,4975100
2023-09-15,1.3457,1.3908,1.3457,1.3818,11139600
2023-09-18,1.3818,1.3818,1.3547,1.3637,4636800
2023-09-19,1.3637,1.3637,1.3276,1.3276,4897600
2023-09-20,1.3366,1.3728,1.3276,1.3547,6591200
2023-09-21,1.3457,1.3637,1.3457,1.3637,3783200
2023-09-22,1.3547,1.3637,1.3276,1.3547,7042600
2023-09-25,1.3547,1.3637,1.3276,1.3366,5209900
2023-09-26,1.3366,1.3728,1.3366,1.3728,5191900
2023-09-27,1.3637,1.3818,1.3547,1.3637,13073100
2023-09-29,1.3637,1.3728,1.3366,1.3637,7423700
2023-10-02,1.3637,1.3728,1.3457,1.3547,3987700
2023-10-03,1.3547,1.3818,1.3547,1.3728,5081400
2023-10-04,1.3637,1.3818,1.3547,1.3637,4693500
2023-10-05,1.3547,1.3998,1.3547,1.3908,8827700
2023-10-06,1.3998,1.3998,1.3728,1.3818,8026200
2023-10-09,1.3728,1.3998,1.3457,1.3998,6404400
2023-10-10,1.3908,1.3998,1.3818,1.3998,4054300
2023-10-11,1.3908,1.445,1.3908,1.436,20150200
2023-10-12,1.436,1.4631,1.436,1.454,7519500
2023-10-13,1.454,1.454,1.4179,1.4269,4303800
2023-10-16,1.4269,1.436,1.3366,1.3728,17714100
2023-10-17,1.3728,1.3908,1.3547,1.3818,7886600
2023-10-18,1.3818,1.3908,1.3728,1.3818,5660000
2023-10-19,1.3818,1.3998,1.3637,1.3818,7223000
2023-10-20,1.3818,1.3998,1.3728,1.3908,4465500
2023-10-23,1.3818,1.3908,1.3457,1.3637,5829700
2023-10-24,1.3637,1.3728,1.3457,1.3547,7621100
2023-10-25,1.3637,1.4089,1.3637,1.3728,6232900
2023-10-26,1.3728,1.3818,1.3276,1.3276,5489800
2023-10-27,1.3366,1.3547,1.3095,1.3457,5294500
2023-10-30,1.3457,1.3637,1.3457,1.3637,2202800
2023-10-31,1.3637,1.3728,1.3276,1.3366,7707400
2023-11-01,1.3366,1.3818,1.3366,1.3637,4150700
2023-11-02,1.3547,1.3728,1.3457,1.3547,3861600
2023-11-03,1.3547,1.3728,1.3457,1.3728,3218400
2023-11-06,1.3728,1.3908,1.3637,1.3818,4208600
2023-11-07,1.3818,1.436,1.3728,1.4269,9325300
2023-11-08,1.4269,1.436,1.3908,1.4179,5847200
2023-11-09,1.4179,1.445,1.4179,1.436,5939600
2023-11-10,1.436,1.436,1.3998,1.4089,3629600
2023-11-14,1.3998,1.4179,1.3547,1.3728,7297500
2023-11-15,1.3818,1.4902,1.3818,1.4631,22231400
2023-11-16,1.4631,1.4721,1.4179,1.454,9109600
2023-11-17,1.445,1.454,1.4089,1.436,9044400
2023-11-20,1.445,1.4631,1.4269,1.454,5329400
2023-11-21,1.454,1.454,1.3908,1.4179,13730600
2023-11-22,1.4179,1.445,1.3998,1.436,7457800
2023-11-23,1.445,1.4631,1.4269,1.445,7190200
2023-11-24,1.454,1.4721,1.445,1.4631,5553600
2023-11-27,1.4631,1.4631,1.4269,1.445,4811200
2023-11-28,1.445,1.454,1.3998,1.4269,11027300
2023-11-29,1.4269,1.4269,1.3998,1.3998,8228500
2023-11-30,1.4089,1.4269,1.3818,1.3818,42176200
2023-12-01,1.3908,1.436,1.3908,1.4089,5564600
2023-12-04,1.4161,1.4343,1.4071,1.4071,2907400
2023-12-05,1.4071,1.4071,1.3798,1.398,2722700
2023-12-06,1.398,1.4071,1.3798,1.3798,2286300
2023-12-07,1.3798,1.4071,1.3798,1.398,4173000
2023-12-08,1.398,1.4071,1.3798,1.398,2475900
2023-12-11,1.3889,1.4071,1.3798,1.3889,4763000
2023-12-12,1.3889,1.4071,1.3798,1.3889,3719500
2023-12-13,1.398,1.398,1.3526,1.3617,4533800
2023-12-14,1.3708,1.3798,1.3344,1.3526,16045100
2023-12-15,1.3526,1.3617,1.3344,1.3526,13890700
2023-12-18,1.3526,1.3617,1.3072,1.3072,12200100
2023-12-19,1.3072,1.3526,1.2981,1.3435,6476400
2023-12-20,1.3435,1.3708,1.3435,1.3435,4035400
2023-12-21,1.3435,1.3526,1.3163,1.3344,4082400
2023-12-22,1.3344,1.3435,1.3072,1.3254,4945100
2023-12-26,1.3254,1.3344,1.3163,1.3254,2665600
2023-12-27,1.3254,1.3344,1.3072,1.3254,8093000
2023-12-28,1.3163,1.3344,1.3163,1.3254,3237600
2023-12-29,1.3254,1.3254,1.3072,1.3163,3327200
2024-01-02,1.3072,1.3254,1.2981,1.3163,6136900
2024-01-03,1.3254,1.3344,1.3163,1.3254,5423200
2024-01-04,1.3254,1.3254,1.3072,1.3072,5112700
2024-01-05,1.3072,1.3617,1.3072,1.3526,9663400
2024-01-08,1.3526,1.3526,1.3254,1.3344,5394600
2024-01-09,1.3344,1.3435,1.3254,1.3254,5964500
2024-01-10,1.3254,1.3344,1.3163,1.3254,4597000
2024-01-11,1.3254,1.3344,1.3163,1.3254,4535200
2024-01-12,1.3344,1.3435,1.3254,1.3344,1561000
2024-01-15,1.3344,1.3344,1.3344,1.3344,0
2024-01-16,1.3163,1.3163,1.3072,1.3163,4050300
2024-01-17,1.3163,1.3163,1.2981,1.3072,7896900
2024-01-18,1.3072,1.3163,1.2981,1.3072,6276700
2024-01-19,1.3072,1.3344,1.2981,1.3254,7389400
2024-01-22,1.3344,1.3344,1.2891,1.2981,15907700
2024-01-23,1.2981,1.3254,1.2891,1.3254,15142700
2024-01-24,1.3254,1.3254,1.2891,1.2981,8191800
2024-01-26,1.2981,1.2981,1.2618,1.2709,19091300
2024-01-29,1.2709,1.3072,1.2709,1.2981,6247400
2024-01-30,1.2981,1.3072,1.2891,1.2891,3094900
2024-01-31,1.2891,1.2981,1.2437,1.2527,9778500
2024-02-02,1.2527,1.2981,1.2437,1.2891,8528000
2024-02-05,1.28,1.3072,1.28,1.2981,3324500
2024-02-06,1.2981,1.2981,1.2618,1.2709,2597900
2024-02-07,1.2709,1.2981,1.2709,1.2981,2248700
2024-02-08,1.2981,1.3163,1.2891,1.3072,4241100
2024-02-09,1.3072,1.3072,1.28,1.28,1517600
2024-02-13,1.28,1.3163,1.2709,1.3163,8076100
2024-02-14,1.2981,1.3254,1.2981,1.3254,6412500
2024-02-15,1.3163,1.3344,1.2981,1.3163,6548900
2024-02-16,1.3163,1.3798,1.3072,1.3708,13249000
2024-02-19,1.3708,1.4161,1.3526,1.4071,14247300
2024-02-20,1.4071,1.4161,1.3798,1.4161,11400500
2024-02-21,1.4161,1.4161,1.3708,1.398,12956100
2024-02-22,1.398,1.398,1.3708,1.3798,6311800
2024-02-23,1.3889,1.3889,1.3344,1.3889,8923900
2024-02-26,1.4071,1.4252,1.398,1.4252,24525000
2024-02-27,1.4161,1.4525,1.4071,1.4525,16579700
2024-02-28,1.4525,1.4615,1.4161,1.4252,16595900
2024-02-29,1.4343,1.4525,1.398,1.4161,16586000
2024-03-01,1.4161,1.4343,1.398,1.4252,7797200
2024-03-04,1.4252,1.4434,1.4071,1.4071,12891100
2024-03-05,1.4071,1.4161,1.3617,1.398,7268500
2024-03-06,1.398,1.4071,1.3617,1.3708,7353100
2024-03-07,1.3708,1.398,1.3526,1.3617,13793600
2024-03-08,1.3617,1.38,1.3434,1.3708,8054800
2024-03-11,1.3708,1.3891,1.3525,1.3708,7744100
2024-03-12,1.3708,1.3708,1.3434,1.3525,11874300
2024-03-13,1.3525,1.3617,1.3251,1.3525,12457500
2024-03-14,1.3525,1.3708,1.3251,1.3617,11044800
2024-03-15,1.3617,1.3617,1.3251,1.3434,73295100
2024-03-18,1.3434,1.3891,1.3434,1.3617,14055400
2024-03-19,1.3617,1.3708,1.3525,1.3617,14946100
2024-03-20,1.3617,1.3708,1.3434,1.3617,6853600
2024-03-21,1.3525,1.38,1.3525,1.3525,14451100
2024-03-22,1.3525,1.3708,1.3434,1.3617,9990700
2024-03-25,1.3617,1.3708,1.3434,1.3525,7074200
2024-03-26,1.3525,1.3617,1.3434,1.3525,11072800
2024-03-27,1.3617,1.3708,1.3343,1.3708,13226900
2024-03-29,1.3708,1.3708,1.3525,1.3617,5935100
2024-04-01,1.3617,1.3708,1.3525,1.3617,3548500
2024-04-02,1.3708,1.3982,1.3525,1.38,6804500
2024-04-03,1.38,1.3891,1.3434,1.3525,10935900
2024-04-04,1.3525,1.3708,1.3525,1.3525,9091400
2024-04-05,1.3525,1.38,1.3434,1.38,6318900
2024-04-08,1.38,1.3891,1.3708,1.3708,5350800
2024-04-09,1.3708,1.4074,1.3617,1.3708,10084600
2024-04-12,1.3708,1.3891,1.3617,1.3617,10652700
2024-04-15,1.3525,1.3708,1.3525,1.3525,9678300
2024-04-16,1.3525,1.38,1.3251,1.3617,17582900
2024-04-17,1.38,1.3982,1.3617,1.3708,6603700
2024-04-18,1.3617,1.38,1.3525,1.3617,11553200
2024-04-19,1.3617,1.3617,1.3343,1.3343,12757400
2024-04-22,1.3343,1.3617,1.3251,1.3617,7671300
2024-04-23,1.3617,1.38,1.3525,1.3708,13552400
2024-04-24,1.38,1.3982,1.3708,1.3891,6506700
2024-04-25,1.4074,1.4074,1.38,1.3891,7291600
2024-04-26,1.3891,1.4165,1.3891,1.4074,5794200
2024-04-29,1.4074,1.4531,1.4074,1.4348,12359000
2024-04-30,1.4439,1.4531,1.4256,1.4256,10381900
2024-05-02,1.4256,1.5536,1.4165,1.517,28364500
2024-05-03,1.5262,1.5353,1.4988,1.5353,19116300
2024-05-06,1.5353,1.581,1.5262,1.5536,25216800
2024-05-07,1.5536,1.645,1.5536,1.6176,45019000
2024-05-08,1.6176,1.645,1.5993,1.6267,15593600
2024-05-09,1.6358,1.645,1.5993,1.6358,11711900
2024-05-10,1.6358,1.6541,1.6176,1.645,17477200
2024-05-13,1.645,1.6541,1.6084,1.6176,15428700
2024-05-14,1.6176,1.6358,1.6084,1.6176,21792900
2024-05-15,1.6084,1.6358,1.6084,1.6358,16375300
2024-05-16,1.6358,1.6633,1.6267,1.6541,21252000
2024-05-17,1.6541,1.7181,1.6541,1.6998,18598800
2024-05-20,1.6998,1.7181,1.6633,1.6724,8363500
2024-05-21,1.6815,1.7181,1.6541,1.6724,9019400
2024-05-23,1.6724,1.7089,1.6724,1.6907,14606200
2024-05-24,1.6815,1.6907,1.645,1.6541,8531400
2024-05-27,1.6541,1.6998,1.6541,1.6724,7899800
2024-05-28,1.6724,1.6724,1.6358,1.6541,8185600
2024-05-29,1.6541,1.6907,1.6541,1.6724,6278800
2024-05-30,1.6816,1.6908,1.6632,1.6724,8514900
2024-05-31,1.6724,1.6908,1.6448,1.6632,20044200
2024-06-04,1.6632,1.6816,1.6264,1.6632,11878400
2024-06-05,1.6632,1.6724,1.6448,1.654,7276700
2024-06-06,1.654,1.7367,1.654,1.7367,12352400
2024-06-07,1.7367,1.7735,1.7275,1.7367,17480100
2024-06-10,1.7367,1.7735,1.7275,1.7735,12455100
2024-06-11,1.7735,1.7919,1.7459,1.7643,14600300
2024-06-12,1.7643,1.8194,1.7551,1.7919,17539500
2024-06-13,1.7919,1.801,1.7643,1.7919,14712700
2024-06-14,1.7735,1.801,1.7735,1.7919,10035400
2024-06-18,1.7919,1.8194,1.7827,1.7919,13863300
2024-06-19,1.7827,1.7919,1.7643,1.7827,7185700
2024-06-20,1.7827,1.7827,1.7551,1.7827,3114000
2024-06-21,1.7827,1.7919,1.7551,1.7551,14023700
2024-06-24,1.7551,1.7735,1.7275,1.7459,5161600
2024-06-25,1.7459,1.7735,1.7367,1.7643,9991400
2024-06-26,1.7459,1.7643,1.7275,1.7643,10149400
2024-06-27,1.7643,1.7643,1.7367,1.7459,4794800
2024-06-28,1.7459,1.7827,1.7367,1.7827,7436400
2024-07-01,1.7735,1.7827,1.7183,1.7367,9813000
2024-07-02,1.7275,1.7827,1.7275,1.7827,8652900
2024-07-03,1.7735,1.7735,1.7367,1.7459,7684700
2024-07-04,1.7459,1.7827,1.7367,1.7827,10667900
2024-07-05,1.7827,1.7919,1.7643,1.7827,9182300
2024-07-09,1.7827,1.7919,1.7551,1.7827,11285500
2024-07-10,1.7827,1.801,1.7643,1.7735,7459200
2024-07-11,1.7735,1.7919,1.7643,1.7735,12632100
2024-07-12,1.7735,1.801,1.7459,1.7827,9344800
2024-07-15,1.7827,1.801,1.7735,1.801,7448500
2024-07-16,1.801,1.9205,1.7827,1.9021,21881300
2024-07-17,1.9021,1.994,1.8929,1.9664,11306400
2024-07-18,1.9664,1.9664,1.8837,1.9664,8294300
2024-07-19,1.9389,1.9664,1.9297,1.9664,2654800
2024-07-22,1.9756,1.9756,1.8837,1.9113,12532200
2024-07-23,1.9113,1.9297,1.8378,1.847,6532300
2024-07-24,1.847,1.8837,1.847,1.8654,4122300
2024-07-25,1.8654,1.8654,1.8286,1.8562,10500100
2024-07-26,1.8562,1.9297,1.847,1.8837,9174500
2024-07-29,1.8929,1.9205,1.8837,1.9205,7600000
2024-07-30,1.9205,1.9205,1.8837,1.9113,5592300
2024-07-31,1.9113,1.9481,1.8929,1.9297,11240400
2024-08-01,1.9389,1.9389,1.9021,1.9205,4447600
2024-08-02,1.9205,1.9205,1.847,1.8837,6439200
2024-08-05,1.847,1.8929,1.7459,1.801,14606800
2024-08-06,1.8102,1.8654,1.7459,1.8286,6810800
2024-08-07,1.8194,1.9113,1.8194,1.8929,3643300
2024-08-08,1.8929,1.9297,1.8562,1.8929,7866900
2024-08-09,1.9021,1.9297,1.8929,1.9205,6806800
2024-08-12,1.9205,1.9848,1.9113,1.9756,10900400
2024-08-13,1.9848,2.0032,1.9297,1.9297,9464300
2024-08-14,1.9756,1.9756,1.9021,1.9297,15853900
2024-08-15,1.9297,1.9389,1.9113,1.9205,9809700
2024-08-16,1.9205,1.9481,1.8746,1.9389,11669700
2024-08-19,1.9389,1.9573,1.9113,1.9297,18680800
2024-08-20,1.9389,1.994,1.9205,1.9756,15739200
2024-08-21,1.9756,1.9848,1.8929,1.8929,6854700
2024-08-22,1.8929,1.9297,1.8654,1.9113,5475800
2024-08-23,1.9205,1.9205,1.8929,1.9113,3273500
2024-08-26,1.9297,1.9573,1.9021,1.9205,7792300
2024-08-27,1.9481,1.9481,1.8929,1.9205,8707500
2024-08-28,1.9205,1.9205,1.8654,1.9113,6369400
2024-08-29,1.9039,1.9409,1.8669,1.8762,7059600
2024-08-30,1.8854,1.9039,1.8485,1.9039,10805500
2024-09-02,1.9039,1.9316,1.8854,1.9224,5600400
2024-09-03,1.9132,1.9316,1.9039,1.9132,4053800
2024-09-04,1.8947,1.9132,1.8854,1.8947,5066400
2024-09-05,1.9224,1.9224,1.8669,1.8854,8130000
2024-09-06,1.8854,1.8947,1.8577,1.8947,6986600
2024-09-09,1.8669,1.8947,1.8207,1.8392,15957800
2024-09-10,1.8577,1.8762,1.8392,1.8485,3736100
2024-09-11,1.8485,1.8485,1.83,1.83,4890200
2024-09-12,1.8485,1.8577,1.83,1.83,5845700
2024-09-13,1.8392,1.8392,1.8115,1.8115,4513100
2024-09-17,1.8115,1.8485,1.793,1.8115,5442200
2024-09-18,1.8115,1.8207,1.793,1.8207,4314100
2024-09-19,1.8207,1.8669,1.8115,1.8577,12709200
2024-09-20,1.8669,1.8669,1.8485,1.8577,28841000
2024-09-23,1.8577,1.8669,1.83,1.8392,6349500
2024-09-24,1.8392,1.9409,1.83,1.9224,13971000
2024-09-25,1.9409,2.0148,1.9132,2.0056,26955000
2024-09-26,2.0241,2.0333,1.9409,1.9871,16636700
2024-09-27,1.9871,1.9871,1.9224,1.9409,10358100
2024-09-30,1.9501,1.9871,1.9224,1.9594,17167900
2024-10-01,1.9501,1.9594,1.9039,1.9224,18419000
2024-10-02,1.9039,1.9132,1.8669,1.8947,18455700
2024-10-03,1.8947,1.9224,1.8762,1.9039,8851000
2024-10-04,1.9039,1.9132,1.8762,1.8854,6761500
2024-10-07,1.8854,1.9501,1.8577,1.9224,16373500
2024-10-08,1.9224,1.9871,1.8947,1.9686,14935400
2024-10-09,1.9871,2.0518,1.9686,2.0056,26866200
2024-10-10,2.0148,2.0518,1.9871,2.0056,10983000
2024-10-11,2.0056,2.0148,1.9686,2.0148,12150900
2024-10-14,2.0148,2.0148,1.9686,1.9963,15343100
2024-10-15,1.9871,2.0056,1.9501,1.9871,21256900
2024-10-16,1.9871,2.0333,1.9316,2.0148,16931700
2024-10-17,2.0148,2.0425,2.0056,2.0333,15521100
2024-10-18,2.0241,2.0425,2.0056,2.0425,11223300
2024-10-21,2.0425,2.0703,2.0148,2.0148,8871800
2024-10-22,2.0056,2.0425,1.9871,2.0148,12304400
2024-10-23,2.0148,2.0703,2.0148,2.0425,22077000
2024-10-24,2.0425,2.0703,2.0425,2.061,10697800
2024-10-25,2.061,2.061,2.0333,2.061,15522900
2024-10-28,2.061,2.0703,2.0333,2.0703,3262600
2024-10-29,2.0703,2.0703,2.0333,2.0333,14472400
2024-10-30,2.0333,2.0518,2.0056,2.0241,7626700
2024-11-01,2.0056,2.0795,1.9779,2.061,6047000
2024-11-04,2.0703,2.0888,2.0518,2.0795,8299700
2024-11-05,2.0703,2.0703,2.0333,2.061,5816100
2024-11-06,2.061,2.0795,2.0425,2.0703,5621300
2024-11-07,2.0795,2.0795,1.9779,1.9779,13750000
2024-11-08,1.9871,2.0148,1.9779,1.9963,6008300
2024-11-11,1.9963,1.9963,1.9501,1.9594,8654600
2024-11-12,1.9501,1.9779,1.9409,1.9779,4850600
2024-11-13,1.9779,1.9779,1.9409,1.9779,6368500
2024-11-14,1.9871,1.9871,1.9224,1.9409,5348100
2024-11-15,1.9224,1.9224,1.6729,1.6821,73085400
2024-11-18,1.6913,1.7191,1.6359,1.6913,20137100
2024-11-19,1.7006,1.7283,1.6729,1.7098,17703700
2024-11-20,1.7006,1.7283,1.6821,1.7191,11808600
2024-11-21,1.7191,1.7745,1.7006,1.7653,12313100
2024-11-22,1.756,1.756,1.7098,1.7098,12539400
2024-11-25,1.7191,1.7376,1.7098,1.7191,15500100
2024-11-26,1.7283,1.7376,1.7006,1.7098,6121400
2024-11-27,1.7098,1.7283,1.7006,1.7191,5542000
2024-11-28,1.7191,1.7284,1.654,1.6912,9892900
2024-11-29,1.6819,1.7098,1.6633,1.6819,12316500
2024-12-02,1.6726,1.7005,1.6633,1.6912,6430100
2024-12-03,1.7005,1.7377,1.6912,1.7377,6806100
2024-12-04,1.7377,1.7469,1.6819,1.6912,10385700
2024-12-05,1.6912,1.7191,1.6726,1.7098,11486700
2024-12-06,1.7098,1.7562,1.7005,1.7562,13949000
2024-12-09,1.7562,1.7562,1.7098,1.7284,4070600
2024-12-10,1.7284,1.7284,1.6912,1.7005,7389800
2024-12-11,1.7005,1.7005,1.6726,1.6819,9323100
2024-12-12,1.6912,1.7005,1.6726,1.6912,3753700
2024-12-13,1.6912,1.6912,1.6726,1.6819,5624300
2024-12-16,1.6819,1.7005,1.6819,1.6912,8781300
2024-12-17,1.6912,1.7005,1.654,1.6726,12033100
2024-12-18,1.6726,1.6912,1.654,1.6819,10731400
2024-12-19,1.6726,1.6819,1.654,1.6819,8794200
2024-12-20,1.6819,1.6912,1.654,1.6912,7421300
2024-12-23,1.6912,1.6912,1.654,1.6726,8661900
2024-12-24,1.6819,1.7005,1.6726,1.6726,4640400
2024-12-26,1.6819,1.7284,1.6819,1.7191,6854800
2024-12-27,1.7191,1.7191,1.7005,1.7098,6741600
2024-12-30,1.7098,1.7191,1.7005,1.7005,3611700
2024-12-31,1.7005,1.7377,1.6912,1.7191,6317800
2025-01-02,1.7191,1.7469,1.7191,1.7377,2425600
2025-01-03,1.7377,1.7655,1.7284,1.7562,3629700
2025-01-06,1.7655,1.7655,1.7098,1.7098,6353700
2025-01-07,1.7098,1.7377,1.7005,1.7098,15509700
2025-01-08,1.7098,1.7191,1.6819,1.6819,8564800
2025-01-09,1.6819,1.6912,1.6633,1.6726,4726300
2025-01-10,1.6819,1.6819,1.6633,1.6726,2168400
2025-01-13,1.6633,1.6726,1.6354,1.6354,6314000
2025-01-14,1.6354,1.6726,1.6354,1.6354,4618400
2025-01-15,1.6354,1.654,1.5704,1.5797,8171100
2025-01-16,1.6076,1.6169,1.5611,1.589,6496500
2025-01-17,1.589,1.6261,1.5797,1.6076,6971700
2025-01-20,1.6076,1.6169,1.5704,1.5797,9460200
2025-01-21,1.5797,1.6261,1.5797,1.6261,4627700
2025-01-22,1.6261,1.6354,1.5983,1.6076,5913900
2025-01-23,1.6076,1.6261,1.5611,1.5704,11029900
2025-01-24,1.5797,1.5797,1.5518,1.5704,5786900
2025-01-27,1.5704,1.5797,1.5425,1.5518,3342600
2025-01-28,1.5518,1.5518,1.5146,1.5332,4433100
2025-01-31,1.5332,1.589,1.5332,1.5611,4271400
2025-02-03,1.5611,1.5611,1.5146,1.5332,3921800
2025-02-04,1.5425,1.5704,1.5332,1.5611,7243700
2025-02-05,1.5611,1.5797,1.5425,1.5518,7341600
2025-02-06,1.5611,1.5611,1.5332,1.5425,6340100
2025-02-07,1.5425,1.5611,1.5332,1.5611,4983300
2025-02-10,1.5518,1.5611,1.5332,1.5611,9437800
2025-02-12,1.5611,1.5704,1.5053,1.5332,7050700
2025-02-13,1.5332,1.5332,1.4682,1.4682,10077800
2025-02-14,1.4682,1.4868,1.4217,1.431,9482100
2025-02-17,1.4124,1.4496,1.3753,1.3845,11060000
2025-02-18,1.3845,1.4124,1.3753,1.3938,13352000
2025-02-19,1.3938,1.4031,1.2637,1.3009,21111600
2025-02-20,1.3009,1.3845,1.3009,1.3474,26583800
2025-02-21,1.3474,1.3938,1.3381,1.3753,16923100
2025-02-24,1.3753,1.4403,1.366,1.4217,6218400
2025-02-25,1.431,1.4403,1.3753,1.3938,7224600
2025-02-26,1.3938,1.4496,1.3753,1.431,10410200
2025-02-27,1.4403,1.4775,1.4217,1.4682,5754400
2025-02-28,1.4403,1.4496,1.273,1.2823,81371800
2025-03-03,1.3009,1.3381,1.2823,1.3102,20138700
2025-03-04,1.3102,1.3195,1.2637,1.2823,16368300
2025-03-05,1.2823,1.3195,1.2823,1.3102,13304800
2025-03-06,1.3102,1.3195,1.2823,1.3009,12711500
2025-03-07,1.3102,1.3288,1.2637,1.273,17335600
2025-03-10,1.273,1.2916,1.2266,1.2545,20758700
2025-03-11,1.2452,1.2545,1.1987,1.208,15915600
2025-03-12,1.1987,1.2637,1.1894,1.2359,24208200
2025-03-13,1.2528,1.2811,1.2434,1.2717,17194800
2025-03-14,1.2717,1.2717,1.234,1.2622,10100100
2025-03-17,1.2622,1.2905,1.2528,1.2622,8259500
2025-03-19,1.2434,1.2622,1.2057,1.2622,17883800
2025-03-20,1.2622,1.2905,1.2622,1.2717,8764800
2025-03-21,1.2717,1.2999,1.2622,1.2905,14179600
2025-03-24,1.2905,1.3188,1.2811,1.2999,6297800
2025-03-25,1.3093,1.3753,1.3093,1.3564,18357700
2025-03-26,1.3753,1.3847,1.347,1.3564,16927900
2025-03-27,1.3564,1.3941,1.3376,1.3941,9605100
2025-03-28,1.3941,1.3941,1.3282,1.3282,22143100
2025-04-02,1.3282,1.3659,1.2905,1.3659,14768400
2025-04-03,1.3564,1.3941,1.3376,1.3847,9885700
2025-04-04,1.3564,1.3941,1.3564,1.3847,8047300
2025-04-07,1.3564,1.3564,1.2999,1.3188,13255900
2025-04-08,1.3376,1.3564,1.2999,1.2999,15767400
2025-04-09,1.2811,1.2905,1.2434,1.2811,11591700
2025-04-10,1.3376,1.3659,1.3093,1.3376,21333700
2025-04-11,1.3188,1.3753,1.2999,1.3659,9576100
2025-04-14,1.3753,1.4695,1.3659,1.4601,13620100
2025-04-15,1.4601,1.4695,1.4318,1.4412,10438400
2025-04-16,1.4412,1.4601,1.4412,1.4506,7614900
2025-04-17,1.4412,1.5354,1.4412,1.5354,17449300
2025-04-18,1.5354,1.5637,1.526,1.5637,13576200
2025-04-21,1.5637,1.5919,1.5448,1.5637,4512800
2025-04-22,1.5543,1.5637,1.526,1.5448,7436600
2025-04-23,1.5543,1.6014,1.5543,1.6014,7067900
2025-04-24,1.5919,1.5919,1.5354,1.5731,10036700
2025-04-25,1.5637,1.5731,1.5354,1.5543,4752800
2025-04-28,1.5543,1.5731,1.5448,1.5448,7453700
2025-04-29,1.5448,1.5637,1.5354,1.5354,8220000
2025-04-30,1.5354,1.5825,1.5354,1.5825,9893400
2025-05-02,1.5825,1.6202,1.5637,1.5825,11590000
2025-05-05,1.5825,1.6014,1.5637,1.5731,11455900
2025-05-06,1.6202,1.6956,1.6202,1.639,32533000
2025-05-07,1.639,1.6673,1.6296,1.6485,13782900
2025-05-08,1.6485,1.6485,1.5825,1.6014,8508800
2025-05-09,1.6108,1.6202,1.5919,1.6014,2827300
2025-05-13,1.6202,1.6296,1.5637,1.5731,10538600
2025-05-14,1.5731,1.5919,1.5354,1.5543,10866700
2025-05-15,1.5543,1.5637,1.5448,1.5637,9403700
2025-05-16,1.5637,1.5825,1.5166,1.5166,9531900
2025-05-19,1.5166,1.526,1.4883,1.4977,9248900
2025-05-20,1.4883,1.5072,1.4601,1.4601,16166500
2025-05-21,1.4601,1.5166,1.4412,1.4789,21184000
2025-05-22,1.4695,1.4883,1.4224,1.4789,13569500
2025-05-23,1.4977,1.526,1.4789,1.526,8800200
2025-05-26,1.5166,1.526,1.4883,1.5072,11517800
2025-05-27,1.5072,1.5072,1.4789,1.4883,9592400
2025-05-28,1.4977,1.526,1.4695,1.4977,12051800
2025-05-29,1.4977,1.5166,1.4695,1.5072,7103000
2025-05-30,1.5072,1.5354,1.4883,1.4883,18592800
2025-06-03,1.4883,1.5072,1.4695,1.4977,10695700
2025-06-04,1.4977,1.4977,1.4412,1.4601,20410800
2025-06-05,1.4601,1.5166,1.4601,1.4977,8939500
2025-06-06,1.511,1.5301,1.4825,1.5301,4548600
2025-06-09,1.5301,1.5491,1.5015,1.5301,5918900
2025-06-10,1.5205,1.5681,1.5205,1.5681,8369800
2025-06-11,1.5776,1.5776,1.5491,1.5681,12174600
2025-06-12,1.5681,1.5776,1.5491,1.5586,9938700
2025-06-13,1.5396,1.5681,1.5205,1.5586,8472800
2025-06-16,1.5586,1.5681,1.5301,1.5396,9107100
2025-06-17,1.5301,1.5966,1.5301,1.5586,6655100
2025-06-18,1.5586,1.5871,1.5491,1.5871,12332500
2025-06-19,1.5871,1.5871,1.5586,1.5586,8404800
2025-06-20,1.5491,1.5681,1.511,1.5491,57689200
2025-06-23,1.5396,1.5396,1.492,1.5301,5997800
2025-06-24,1.5396,1.5586,1.5205,1.5301,6210500
2025-06-25,1.5396,1.5681,1.5396,1.5681,7277400
2025-06-26,1.5681,1.5871,1.5396,1.5681,10999800
2025-06-30,1.5776,1.5871,1.5491,1.5586,8214800
2025-07-01,1.5681,1.5966,1.5586,1.5871,11879700
2025-07-02,1.5871,1.6156,1.5776,1.6156,11529900
2025-07-03,1.6156,1.6156,1.5681,1.5776,6234200
2025-07-04,1.5871,1.6251,1.5681,1.6156,14092500
2025-07-07,1.6156,1.6346,1.5776,1.6156,9360200
2025-07-08,1.6156,1.6156,1.5871,1.5871,3257300
2025-07-09,1.5871,1.5966,1.5776,1.5871,6229900
2025-07-10,1.5871,1.6061,1.5776,1.5871,6007800
2025-07-11,1.5871,1.6156,1.5871,1.6061,8386900
2025-07-14,1.6061,1.6156,1.5871,1.5966,4852900
2025-07-15,1.5966,1.6061,1.5586,1.5586,9287700
2025-07-16,1.5586,1.5586,1.5205,1.5396,7252300
2025-07-17,1.5396,1.5586,1.5301,1.5491,10846300
2025-07-18,1.5586,1.5681,1.5205,1.5396,7448600
2025-07-21,1.5396,1.5396,1.4825,1.511,11106800
2025-07-22,1.511,1.5491,1.511,1.5396,5066000
2025-07-23,1.5396,1.5871,1.5396,1.5586,10440900
2025-07-24,1.5586,1.5776,1.5586,1.5776,3107800
2025-07-25,1.5776,1.5871,1.5301,1.5396,4218700
2025-07-28,1.5491,1.5586,1.5301,1.5396,7394300
2025-07-29,1.5396,1.5586,1.5301,1.5396,4583900
2025-07-30,1.5396,1.5396,1.511,1.5396,3631500
2025-07-31,1.5491,1.5776,1.5301,1.5681,8152000
2025-08-01,1.5681,1.5776,1.5396,1.5396,2254400
2025-08-04,1.5396,1.5586,1.5301,1.5491,2835900
2025-08-05,1.5586,1.5586,1.5301,1.5586,3643400
2025-08-06,1.5396,1.5681,1.5205,1.5491,6622900
2025-08-07,1.5396,1.5491,1.5205,1.5301,6450000
2025-08-08,1.5301,1.5301,1.511,1.5205,8365900
2025-08-11,1.5205,1.5301,1.511,1.5205,10066400
2025-08-12,1.5205,1.5301,1.511,1.511,3035800
2025-08-13,1.511,1.5205,1.492,1.5205,17369200
2025-08-14,1.5396,1.5491,1.4635,1.4635,32063700
2025-08-15,1.473,1.5015,1.4635,1.4825,26351700
2025-08-18,1.492,1.511,1.473,1.473,12844200
2025-08-19,1.473,1.492,1.454,1.473,22218800
2025-08-20,1.473,1.473,1.454,1.4635,23628100
2025-08-21,1.4635,1.473,1.4445,1.454,7517400
2025-08-22,1.454,1.4635,1.4445,1.454,17931400
2025-08-25,1.454,1.4635,1.4445,1.4635,18374700
2025-08-26,1.4635,1.473,1.435,1.4635,34520100
2025-08-27,1.4635,1.492,1.454,1.4825,32639500
2025-08-28,1.4873,1.4873,1.4489,1.4489,12765600
2025-08-29,1.4585,1.4585,1.401,1.4202,16059800
2025-09-02,1.4202,1.4298,1.3818,1.4298,14662800
2025-09-03,1.4298,1.4777,1.4202,1.4777,11610500
2025-09-04,1.4777,1.5161,1.4681,1.5161,9365500
2025-09-08,1.5161,1.5161,1.4681,1.4681,8446400
2025-09-09,1.4681,1.5065,1.4681,1.5065,11194800
2025-09-10,1.5065,1.5065,1.4681,1.4873,11172800
2025-09-11,1.4777,1.5065,1.4777,1.4969,8264900
2025-09-12,1.4969,1.4969,1.4585,1.4873,9590800
2025-09-17,1.4873,1.5161,1.4777,1.5161,11056400
2025-09-18,1.5161,1.5737,1.5161,1.5545,13087400
2025-09-19,1.5545,1.5545,1.5065,1.5065,15612600
2025-09-22,1.5161,1.5353,1.5065,1.5353,4198100
2025-09-23,1.5353,1.5353,1.4969,1.5161,10161200
2025-09-24,1.5161,1.5257,1.4969,1.5065,11383100
2025-09-25,1.5065,1.5449,1.4873,1.5257,13278600
2025-09-26,1.5353,1.5641,1.5161,1.5545,17421600
2025-09-29,1.5545,1.6505,1.5545,1.6025,28019700
2025-09-30,1.6121,1.6121,1.5641,1.5737,10756900
2025-10-01,1.5833,1.6121,1.5449,1.5641,16276800
2025-10-02,1.5641,1.6217,1.5449,1.5929,13817200
2025-10-03,1.5929,1.6313,1.5833,1.6121,11685900
2025-10-06,1.6121,1.6409,1.5929,1.6217,23459100
2025-10-07,1.6313,1.6313,1.6025,1.6217,30778100
2025-10-08,1.6217,1.6409,1.5929,1.6121,22710500
2025-10-09,1.6121,1.6313,1.6025,1.6313,29528000
2025-10-10,1.6313,1.6409,1.5929,1.5929,13187300
2025-10-13,1.5641,1.6121,1.5449,1.6025,6557600
2025-10-14,1.6121,1.6505,1.6025,1.6409,18678500
2025-10-15,1.6409,1.6792,1.6121,1.6601,33995600
2025-10-16,1.6696,1.6792,1.6505,1.6505,12773200
2025-10-17,1.6505,1.6601,1.6121,1.6313,16173000
2025-10-21,1.6409,1.6984,1.6313,1.6505,23062400
2025-10-22,1.6505,1.6696,1.6313,1.6505,10698200
2025-10-23,1.6505,1.6505,1.5929,1.6409,19972800
2025-10-24,1.6409,1.6505,1.6313,1.6409,3698300
2025-10-27,1.6505,1.6601,1.5833,1.6025,17113400
2025-10-28,1.6025,1.6025,1.5737,1.5833,8138600
2025-10-29,1.5833,1.5929,1.5545,1.5641,7572000
2025-10-30,1.5641,1.5833,1.5257,1.5545,17182500
2025-10-31,1.5545,1.5641,1.5257,1.5353,8374100
2025-11-03,1.5449,1.5833,1.5449,1.5833,6674900
2025-11-04,1.5833,1.6025,1.5641,1.5833,7096600
2025-11-05,1.5833,1.5833,1.5161,1.5257,14270100
2025-11-06,1.5257,1.5545,1.5161,1.5353,9310900
2025-11-07,1.5353,1.5641,1.5257,1.5545,15401200
2025-11-10,1.5641,1.5737,1.5257,1.5353,10845600
2025-11-11,1.5545,1.5737,1.5353,1.5353,10608000
2025-11-12,1.5449,1.5545,1.5257,1.5353,14444000
2025-11-13,1.5449,1.5449,1.4969,1.5257,13932900
2025-11-14,1.4969,1.5065,1.4585,1.4777,23382400
2025-11-17,1.4777,1.4873,1.4585,1.4585,5620500
2025-11-18,1.4585,1.4777,1.4489,1.4681,8042600
2025-11-19,1.4681,1.4777,1.4585,1.4585,4823200
2025-11-20,1.4681,1.4969,1.4585,1.4681,5978500
2025-11-21,1.4681,1.5161,1.4585,1.4969,8569100
2025-11-24,1.5065,1.5833,1.4873,1.5833,22093700
2025-11-25,1.5545,1.5545,1.4969,1.4969,13622800
2025-11-26,1.4969,1.5353,1.4873,1.5161,10955800
2025-11-27,1.5287,1.5384,1.4997,1.4997,8653900
2025-11-28,1.4997,1.4997,1.4513,1.461,10020500
2025-12-01,1.461,1.5771,1.461,1.5771,10751500
2025-12-02,1.5287,1.5384,1.4997,1.5287,9080300
2025-12-03,1.5287,1.5287,1.4706,1.4803,7754000
2025-12-04,1.49,1.49,1.461,1.461,6472300
2025-12-05,1.461,1.461,1.4126,1.4223,16333900
2025-12-08,1.4223,1.4319,1.4029,1.4223,5832100
2025-12-09,1.4223,1.4319,1.4029,1.4126,5451800
2025-12-10,1.4126,1.4319,1.4029,1.4126,5327200
2025-12-11,1.4126,1.4513,1.4029,1.4513,6724700
2025-12-12,1.4513,1.4706,1.4416,1.4416,7615800
2025-12-15,1.4416,1.461,1.4319,1.4513,3961600
2025-12-16,1.4513,1.461,1.4416,1.4416,5594500
2025-12-17,1.4416,1.461,1.4416,1.4416,7281300
2025-12-18,1.4416,1.49,1.4126,1.4803,18903600
2025-12-19,1.4803,1.49,1.461,1.4706,20949900
2025-12-22,1.4706,1.4706,1.4223,1.461,14332000
2025-12-23,1.4706,1.49,1.4416,1.461,14965600
2025-12-24,1.4706,1.519,1.4706,1.4997,16217200
2025-12-26,1.4997,1.5093,1.49,1.4997,7770600
2025-12-29,1.5093,1.5287,1.4997,1.5093,6391900
2025-12-30,1.519,1.519,1.49,1.49,10417500
2025-12-31,1.49,1.519,1.4706,1.4803,33363700
2026-01-02,1.4803,1.5093,1.461,1.4997,6734100
2026-01-05,1.4997,1.4997,1.461,1.4803,9971800
2026-01-06,1.4803,1.4803,1.461,1.4706,15785800
2026-01-07,1.4706,1.5093,1.4513,1.5093,12231500
2026-01-08,1.4997,1.4997,1.4803,1.49,9367900
2026-01-09,1.4997,1.5384,1.4803,1.5287,17083700
2026-01-12,1.5287,1.5771,1.5093,1.5771,21047500
2026-01-13,1.5771,1.6351,1.5674,1.6158,20931300
2026-01-14,1.6158,1.6738,1.5964,1.6738,22948000
2026-01-15,1.6738,1.6835,1.6254,1.6642,20878000
2026-01-16,1.6642,1.6738,1.6448,1.6738,21296100
2026-01-19,1.6738,1.6738,1.6738,1.6738,0
2026-01-20,1.6545,1.7125,1.6351,1.6835,20655500
2026-01-21,1.6835,1.7319,1.6835,1.7222,19521400
2026-01-22,1.7222,1.7512,1.6932,1.7416,27050900
2026-01-23,1.7416,1.8093,1.7319,1.7512,34530300
2026-01-26,1.7512,1.8383,1.7512,1.819,31199100
2026-01-27,1.819,1.848,1.819,1.8383,18945500
2026-01-28,1.8383,1.8383,1.7996,1.8093,12225800
2026-01-29,1.8093,1.8093,1.7512,1.7706,12947400
2026-01-30,1.7706,1.7996,1.7609,1.7706,12121200
2026-02-03,1.7803,1.8093,1.7319,1.7319,18049500
2026-02-04,1.7319,1.7706,1.7319,1.7512,10886200
2026-02-05,1.7512,1.7706,1.7029,1.7125,15539000
2026-02-06,1.6932,1.7609,1.6932,1.7319,11225400
2026-02-09,1.7416,1.7899,1.7416,1.7706,8220500
2026-02-10,1.7803,1.7899,1.7512,1.7609,12361400
2026-02-11,1.7706,1.8093,1.7609,1.7996,8777000
2026-02-12,1.7899,1.7996,1.7512,1.7803,11216600
2026-02-13,1.7803,1.7996,1.7609,1.7899,10172400
2026-02-16,1.7899,1.819,1.7706,1.7803,6330000
2026-02-19,1.7803,1.8286,1.7803,1.8093,6376600
2026-02-20,1.8093,1.819,1.7803,1.8093,5870800
2026-02-23,1.8093,1.8577,1.7996,1.8286,8906900
2026-02-24,1.8093,1.819,1.7803,1.8093,10149800
2026-02-25,1.8286,1.848,1.7609,1.7803,21094900
2026-02-26,1.7803,1.7803,1.6835,1.7029,16920800
2026-02-27,1.7029,1.7319,1.6254,1.7319,37753100
2026-03-02,1.6642,1.6738,1.6061,1.6061,19947900
2026-03-03,1.6158,1.6642,1.6158,1.6545,16557000
2026-03-04,1.6545,1.6642,1.6351,1.6642,17063700
2026-03-05,1.6642,1.6738,1.6351,1.6448,10266800
2026-03-06,1.6448,1.6642,1.6351,1.6448,19447600
2026-03-09,1.6037,1.6135,1.5353,1.5842,9384700
2026-03-10,1.6037,1.6624,1.6037,1.6233,8822900
2026-03-11,1.6331,1.6428,1.5842,1.6331,7812700
2026-03-12,1.6331,1.6331,1.594,1.6135,11090700
2026-03-13,1.594,1.6233,1.5842,1.6135,11227900
2026-03-16,1.6233,1.6233,1.5744,1.5744,7852600
2026-03-17,1.5842,1.6428,1.5744,1.6135,7980600
2026-03-18,1.6233,1.6428,1.6037,1.6037,5362700
2026-03-19,1.594,1.6428,1.594,1.6233,18615300
2026-03-20,1.6233,1.6233,1.6233,1.6233,0
2026-03-24,1.6233,1.6428,1.5646,1.5646,10718900
2026-03-25,1.5842,1.6233,1.5842,1.6135,6842200
2026-03-26,1.6037,1.6135,1.5353,1.5646,14279700
2026-03-27,1.5646,1.5744,1.5646,1.5744,10124400
2026-03-30,1.5451,1.5646,1.5255,1.5548,27229900
2026-03-31,1.5353,1.5451,1.4962,1.4962,15534500
2026-04-01,1.5157,1.5255,1.4766,1.4864,13740600
2026-04-02,1.4864,1.5059,1.457,1.4864,7438200
2026-04-03,1.4864,1.5059,1.4668,1.4766,18741900
2026-04-06,1.4766,1.4864,1.4473,1.4668,5851700
2026-04-07,1.4668,1.4962,1.457,1.4668,9247500
2026-04-08,1.4962,1.5157,1.4766,1.5059,9007500
2026-04-09,1.5059,1.5353,1.4962,1.5157,12438100
2026-04-10,1.5255,1.5646,1.5255,1.5451,6596500
2026-04-13,1.5255,1.5353,1.4962,1.5157,6842300
2026-04-14,1.5157,1.5255,1.4962,1.4962,8591600
2026-04-15,1.5059,1.5255,1.4962,1.5157,12872500
2026-04-16,1.5157,1.5353,1.5059,1.5255,8561400
2026-04-17,1.5255,1.5842,1.5157,1.5744,9761400
2026-04-20,1.5646,1.5744,1.5451,1.5548,8289300
2026-04-21,1.5548,1.6037,1.5548,1.5744,12416400
2026-04-22,1.5843,1.5942,1.5546,1.5843,11882400
2026-04-23,1.5843,1.6635,1.5744,1.6536,10527800
2026-04-24,1.6536,1.6932,1.6437,1.6833,7353000
2026-04-27,1.6833,1.6932,1.6536,1.6734,5584300
2026-04-28,1.6734,1.7031,1.6734,1.6833,8061600
2026-04-29,1.6833,1.6932,1.6536,1.6833,4578100
2026-04-30,1.6833,1.6833,1.6338,1.6536,3307300
2026-05-04,1.6536,1.6635,1.6041,1.614,7627000
2026-05-05,1.6041,1.6536,1.6041,1.6338,5485400
2026-05-06,1.6437,1.6536,1.6239,1.6338,6391200
2026-05-07,1.6338,1.7229,1.6338,1.6932,16990000
2026-05-08,1.6833,1.7031,1.6239,1.6437,14494100
2026-05-11,1.6437,1.6536,1.6041,1.6338,12917200
2026-05-12,1.6338,1.6536,1.6041,1.614,8130800
2026-05-13,1.6239,1.6239,1.5348,1.5744,49188400
2026-05-14,1.5843,1.7526,1.5645,1.7427,26645000
2026-05-15,1.7328,1.8021,1.6635,1.7625,20650600
2026-05-18,1.7625,1.7625,1.7031,1.7328,8099400
2026-05-19,1.7229,1.7724,1.713,1.713,6654700
2026-05-20,1.713,1.713,1.6338,1.6833,15142700
2026-05-21,1.713,1.7427,1.5744,1.5942,32344800
2026-05-22,1.5942,1.6338,1.5843,1.5942,21922600
2026-05-25,1.5942,1.5942,1.5447,1.5546,19984200
2026-05-26,1.5546,1.5942,1.5546,1.5645,26692800
2026-05-27,1.5645,1.5645,1.5645,1.5645,0
2026-05-28,1.5546,1.5744,1.5249,1.5546,23518400
2026-05-29,1.5546,1.5942,1.5546,1.5645,288063100
2026-06-02,1.5645,1.5645,1.5645,1.5645,0
2026-06-03,1.5744,1.6041,1.5546,1.5645,25460800
2026-06-04,1.5645,1.614,1.5447,1.5843,19026400
2026-06-05,1.5843,1.6239,1.5744,1.614,26450000
2026-06-08,1.61,1.61,1.56,1.56,16028300
2026-06-09,1.57,1.59,1.56,1.58,13536500
2026-06-10,1.58,1.61,1.56,1.58,10148000
2026-06-11,1.58,1.63,1.57,1.6,20760400
2026-06-12,1.61,1.62,1.57,1.58,8091500
2026-06-15,1.59,1.6,1.57,1.58,19553500
2026-06-16,1.58,1.62,1.56,1.61,29897000
2026-06-18,1.61,1.69,1.61,1.68,17671000
2026-06-19,1.67,1.68,1.64,1.65,7515200
2026-06-22,1.65,1.68,1.65,1.65,7106900
2026-06-23,1.65,1.65,1.62,1.63,6823600
2026-06-24,1.63,1.66,1.61,1.65,7256900
2026-06-25,1.65,1.65,1.63,1.65,4891200
2026-06-26,1.65,1.65,1.62,1.63,3637600
2026-06-29,1.63,1.64,1.61,1.63,7057400
2026-06-30,1.63,1.65,1.62,1.64,7058800
2026-07-01,1.64,1.64,1.62,1.62,3481400
2026-07-02,1.62,1.67,1.62,1.65,11005600
2026-07-03,1.65,1.69,1.64,1.67,13772000
2026-07-06,1.67,1.67,1.64,1.66,10785800
2026-07-07,1.66,1.67,1.64,1.66,5945500
2026-07-08,1.66,1.67,1.64,1.65,9942000
2026-07-09,1.65,1.69,1.65,1.69,9555500
2026-07-10,1.69,1.71,1.68,1.7,18609300
2026-07-13,1.7,1.72,1.68,1.69,4441500
2026-07-14,1.69,1.7,1.68,1.69,4248800
2026-07-15,1.69,1.71,1.67,1.67,7891900
2026-07-16,1.67,1.7,1.67,1.69,6296000
2026-07-17,1.69,1.69,1.65,1.65,8693700
2026-07-20,1.66,1.69,1.65,1.68,5793400
2026-07-21,1.68,1.68,1.63,1.64,7142500
2026-07-22,1.65,1.65,1.61,1.62,7848600
2026-07-23,1.61,1.63,1.6,1.6,16314400
2026-07-24,1.6,1.6,1.57,1.58,15545400
2026-07-27,1.59,1.61,1.57,1.59,19357500
2026-07-28,1.59,1.6,1.58,1.59,16473200
2026-07-29,1.6,1.63,1.6,1.61,11035400
2026-07-30,1.6,1.62,1.59,1.6,11256800
2026-07-31,1.61,1.62,1.57,1.58,16496600
2026-08-03,1.58,1.62,1.56,1.62,14863900
2026-08-04,1.61,1.61,1.5,1.52,44504000
2026-08-05,1.52,1.56,1.52,1.54,16259900
2026-08-06,1.54,1.55,1.51,1.54,17122800
2026-08-07,1.54,1.55,1.51,1.52,16191700
2026-08-10,1.52,1.54,1.51,1.51,19461200
2026-08-11,1.51,1.53,1.5,1.52,20526400
2026-08-12,1.51,1.54,1.46,1.52,41378300
2026-08-13,1.53,1.53,1.5,1.5,17623800
2026-08-14,1.51,1.52,1.5,1.5,12108100
2026-08-17,1.51,1.53,1.5,1.51,9204500
2026-08-18,1.52,1.52,1.48,1.5,22624900
2026-08-19,1.51,1.52,1.5,1.51,12636100
2026-08-20,1.51,1.52,1.47,1.48,15380800
2026-08-21,1.48,1.5,1.47,1.5,8585300
2026-08-24,0.0,0.0,0.0,1.47,0
