Date,Dividends,Stock Splits
2016-05-11 00:00:00-04:00,0.14,0.0
2016-08-17 00:00:00-04:00,0.14,0.0
2016-11-16 00:00:00-05:00,0.165,0.0
2017-02-15 00:00:00-05:00,0.165,0.0
2017-05-17 00:00:00-04:00,0.165,0.0
2017-08-16 00:00:00-04:00,0.165,0.0
2017-11-16 00:00:00-05:00,0.195,0.0
2018-02-15 00:00:00-05:00,0.21,0.0
2018-05-17 00:00:00-04:00,0.21,0.0
2018-08-16 00:00:00-04:00,0.21,0.0
2018-11-15 00:00:00-05:00,0.25,0.0
2019-02-14 00:00:00-05:00,0.25,0.0
2019-05-16 00:00:00-04:00,0.25,0.0
2019-08-15 00:00:00-04:00,0.25,0.0
2019-11-14 00:00:00-05:00,0.3,0.0
2020-02-13 00:00:00-05:00,0.3,0.0
2020-05-13 00:00:00-04:00,0.3,0.0
2020-08-13 00:00:00-04:00,0.3,0.0
2020-11-12 00:00:00-05:00,0.32,0.0
2021-02-11 00:00:00-05:00,0.32,0.0
2021-05-13 00:00:00-04:00,0.32,0.0
2021-08-12 00:00:00-04:00,0.32,0.0
2021-11-10 00:00:00-05:00,0.375,0.0
2022-02-10 00:00:00-05:00,0.375,0.0
2022-05-12 00:00:00-04:00,0.375,0.0
2022-08-11 00:00:00-04:00,0.375,0.0
2022-11-09 00:00:00-05:00,0.45,0.0
2023-02-09 00:00:00-05:00,0.45,0.0
2023-05-11 00:00:00-04:00,0.45,0.0
2023-08-10 00:00:00-04:00,0.45,0.0
2023-11-08 00:00:00-05:00,0.52,0.0
2024-02-08 00:00:00-05:00,0.52,0.0
2024-05-16 00:00:00-04:00,0.52,0.0
2024-08-09 00:00:00-04:00,0.52,0.0
2024-11-12 00:00:00-05:00,0.59,0.0
2025-02-11 00:00:00-05:00,0.59,0.0
2025-05-13 00:00:00-04:00,0.59,0.0
2025-08-12 00:00:00-04:00,0.59,0.0
2025-11-12 00:00:00-05:00,0.67,0.0
2026-02-10 00:00:00-05:00,0.67,0.0
2026-05-12 00:00:00-04:00,0.67,0.0
2026-08-11 00:00:00-04:00,0.67,0.0
