Date,Open,High,Low,Close,Adj Close,Volume,Dividends,Stock Splits
2024-06-03 00:00:00-04:00,494.1300048828125,498.67999267578125,493.07000732421875,497.44000244140625,470.58062744140625,2795100,0.0,0.0
2024-06-04 00:00:00-04:00,498.55999755859375,508.2699890136719,494.5899963378906,505.489990234375,478.1958923339844,3178400,0.0,0.0
2024-06-05 00:00:00-04:00,508.70001220703125,509.1000061035156,498.79998779296875,503.1199951171875,475.9539489746094,2464400,0.0,0.0
2024-06-06 00:00:00-04:00,503.6499938964844,504.70001220703125,497.2799987792969,501.9200134277344,474.8187255859375,2419600,0.0,0.0
2024-06-07 00:00:00-04:00,502.0400085449219,502.8599853515625,490.4200134277344,490.69000244140625,464.1950988769531,3416300,0.0,0.0
2024-06-10 00:00:00-04:00,491.0,495.3900146484375,486.19000244140625,495.0,468.27239990234375,3332800,0.0,0.0
2024-06-11 00:00:00-04:00,490.8599853515625,497.7799987792969,490.2900085449219,496.2200012207031,469.426513671875,4599700,0.0,0.0
2024-06-12 00:00:00-04:00,500.0,500.0,487.4200134277344,493.07000732421875,466.44659423828125,4048200,0.0,0.0
2024-06-13 00:00:00-04:00,490.2799987792969,502.0,484.3800048828125,497.29998779296875,470.44818115234375,4951700,0.0,0.0
2024-06-14 00:00:00-04:00,496.8299865722656,497.8500061035156,491.7300109863281,497.1199951171875,470.2779235839844,3188400,0.0,0.0
2024-06-17 00:00:00-04:00,491.3299865722656,493.1199951171875,488.70001220703125,489.2300109863281,464.77734375,2407200,2.1,0.0
2024-06-18 00:00:00-04:00,490.7099914550781,491.6600036621094,479.0400085449219,481.04998779296875,457.00616455078125,3692700,0.0,0.0
2024-06-20 00:00:00-04:00,480.0400085449219,485.9200134277344,478.1099853515625,484.5199890136719,460.3027038574219,5258100,0.0,0.0
2024-06-21 00:00:00-04:00,484.44000244140625,488.29998779296875,480.5899963378906,482.5899963378906,458.46917724609375,6368600,0.0,0.0
2024-06-24 00:00:00-04:00,488.8599853515625,490.8900146484375,484.5,489.9800109863281,465.4898376464844,5139800,0.0,0.0
2024-06-25 00:00:00-04:00,490.6400146484375,490.6400146484375,480.6000061035156,484.5,460.2837829589844,2916100,0.0,0.0
2024-06-26 00:00:00-04:00,484.5,487.44000244140625,481.4700012207031,484.0400085449219,459.8466796875,3153100,0.0,0.0
2024-06-27 00:00:00-04:00,485.04998779296875,488.9800109863281,482.04998779296875,486.44000244140625,462.1268310546875,2991900,0.0,0.0
2024-06-28 00:00:00-04:00,496.3699951171875,509.3999938964844,489.4100036621094,509.260009765625,483.80621337890625,22734200,0.0,0.0
2024-07-01 00:00:00-04:00,506.75,508.9100036621094,492.8900146484375,494.6499938964844,469.9263916015625,4523100,0.0,0.0
2024-07-02 00:00:00-04:00,494.260009765625,498.4700012207031,493.3900146484375,498.239990234375,473.3369140625,3312000,0.0,0.0
2024-07-03 00:00:00-04:00,497.1199951171875,498.0799865722656,486.5199890136719,489.8900146484375,465.4043273925781,2239200,0.0,0.0
2024-07-05 00:00:00-04:00,489.0,489.6700134277344,484.5,488.010009765625,463.6182861328125,3499000,0.0,0.0
2024-07-08 00:00:00-04:00,489.19000244140625,493.8800048828125,486.1700134277344,489.3399963378906,464.8818359375,3450600,0.0,0.0
2024-07-09 00:00:00-04:00,488.3299865722656,495.3999938964844,486.0899963378906,492.1099853515625,467.5133361816406,3056800,0.0,0.0
2024-07-10 00:00:00-04:00,490.94000244140625,501.5,490.1199951171875,500.92999267578125,475.89251708984375,3189800,0.0,0.0
2024-07-11 00:00:00-04:00,497.70001220703125,508.7300109863281,497.70001220703125,504.3599853515625,479.1510925292969,3535100,0.0,0.0
2024-07-12 00:00:00-04:00,506.9200134277344,514.5700073242188,503.42999267578125,511.5299987792969,485.9627380371094,3570600,0.0,0.0
2024-07-15 00:00:00-04:00,524.239990234375,530.8300170898438,513.7999877929688,515.3699951171875,489.6108093261719,5128000,0.0,0.0
2024-07-16 00:00:00-04:00,533.9000244140625,549.9199829101562,527.1300048828125,548.8699951171875,521.4363403320312,11062000,0.0,0.0
2024-07-17 00:00:00-04:00,554.0,573.6099853515625,551.2999877929688,573.280029296875,544.6263427734375,10330800,0.0,0.0
2024-07-18 00:00:00-04:00,564.5,581.5,561.4199829101562,564.3400268554688,536.1331787109375,6834800,0.0,0.0
2024-07-19 00:00:00-04:00,567.1199951171875,569.9000244140625,561.5399780273438,565.3300170898438,537.07373046875,4290400,0.0,0.0
2024-07-22 00:00:00-04:00,563.0499877929688,564.25,557.0800170898438,558.530029296875,530.6135864257812,3377300,0.0,0.0
2024-07-23 00:00:00-04:00,558.7899780273438,558.8400268554688,552.8099975585938,554.7000122070312,526.97509765625,2785600,0.0,0.0
2024-07-24 00:00:00-04:00,560.0,561.1300048828125,553.02001953125,559.75,531.7725219726562,3156200,0.0,0.0
2024-07-25 00:00:00-04:00,562.0,569.8900146484375,558.5800170898438,559.6799926757812,531.7060546875,3102900,0.0,0.0
2024-07-26 00:00:00-04:00,560.0,579.1300048828125,560.0,569.719970703125,541.2442016601562,3201900,0.0,0.0
2024-07-29 00:00:00-04:00,565.7100219726562,571.3499755859375,561.760009765625,566.75,538.422607421875,2965000,0.0,0.0
2024-07-30 00:00:00-04:00,566.9000244140625,579.4299926757812,565.989990234375,576.3300170898438,547.5238647460938,4139100,0.0,0.0
2024-07-31 00:00:00-04:00,565.4400024414062,580.9000244140625,562.3200073242188,576.1599731445312,547.3623657226562,4713200,0.0,0.0
2024-08-01 00:00:00-04:00,577.2000122070312,587.5,567.0999755859375,572.77001953125,544.141845703125,3680800,0.0,0.0
2024-08-02 00:00:00-04:00,582.3300170898438,591.5399780273438,575.25,589.8300170898438,560.3491821289062,5094000,0.0,0.0
2024-08-05 00:00:00-04:00,582.1199951171875,586.8200073242188,566.760009765625,569.9600219726562,541.4723510742188,4587400,0.0,0.0
2024-08-06 00:00:00-04:00,568.2100219726562,577.52001953125,562.530029296875,568.3499755859375,539.9427490234375,3216500,0.0,0.0
2024-08-07 00:00:00-04:00,566.6099853515625,571.6500244140625,557.030029296875,566.0800170898438,537.7863159179688,4320700,0.0,0.0
2024-08-08 00:00:00-04:00,564.3699951171875,572.4500122070312,564.3699951171875,566.239990234375,537.9381713867188,2860800,0.0,0.0
2024-08-09 00:00:00-04:00,564.5399780273438,565.9299926757812,557.6300048828125,558.760009765625,530.8320922851562,2976700,0.0,0.0
2024-08-12 00:00:00-04:00,562.3200073242188,569.0,561.0499877929688,565.2899780273438,537.03564453125,2532400,0.0,0.0
2024-08-13 00:00:00-04:00,569.989990234375,575.72998046875,569.0,574.239990234375,545.5383911132812,2369400,0.0,0.0
2024-08-14 00:00:00-04:00,575.239990234375,581.1199951171875,573.27001953125,579.6699829101562,550.6968383789062,2344400,0.0,0.0
2024-08-15 00:00:00-04:00,579.6699829101562,583.3400268554688,573.510009765625,579.6099853515625,550.639892578125,2751800,0.0,0.0
2024-08-16 00:00:00-04:00,580.9199829101562,581.6500244140625,574.0999755859375,577.6799926757812,548.8063354492188,2728900,0.0,0.0
2024-08-19 00:00:00-04:00,578.0800170898438,583.2999877929688,577.0700073242188,578.780029296875,549.8515014648438,1847900,0.0,0.0
2024-08-20 00:00:00-04:00,579.8499755859375,583.8099975585938,575.5,580.6500244140625,551.6279907226562,1677500,0.0,0.0
2024-08-21 00:00:00-04:00,581.510009765625,583.3900146484375,577.4299926757812,578.0700073242188,549.1768798828125,2844300,0.0,0.0
2024-08-22 00:00:00-04:00,579.25,582.9500122070312,570.6199951171875,578.719970703125,549.79443359375,2282000,0.0,0.0
2024-08-23 00:00:00-04:00,581.0,585.2100219726562,578.4500122070312,584.510009765625,555.2950439453125,2376400,0.0,0.0
2024-08-26 00:00:00-04:00,588.0499877929688,592.0900268554688,585.739990234375,587.1300048828125,557.7841186523438,1800000,0.0,0.0
2024-08-27 00:00:00-04:00,589.469970703125,592.3400268554688,583.780029296875,587.3499755859375,557.9930419921875,1581900,0.0,0.0
2024-08-28 00:00:00-04:00,589.010009765625,592.8400268554688,583.8699951171875,588.5399780273438,559.1235961914062,1657000,0.0,0.0
2024-08-29 00:00:00-04:00,590.6799926757812,592.6099853515625,584.3699951171875,591.5700073242188,562.002197265625,1953200,0.0,0.0
2024-08-30 00:00:00-04:00,590.0,593.260009765625,586.5900268554688,590.2000122070312,560.7005615234375,2944700,0.0,0.0
2024-09-03 00:00:00-04:00,592.52001953125,600.6599731445312,591.8200073242188,598.6799926757812,568.7568359375,3175500,0.0,0.0
2024-09-04 00:00:00-04:00,600.0,607.9400024414062,597.8800048828125,604.1799926757812,573.9818115234375,2935000,0.0,0.0
2024-09-05 00:00:00-04:00,604.1900024414062,606.0,589.6699829101562,595.489990234375,565.7262573242188,2144800,0.0,0.0
2024-09-06 00:00:00-04:00,595.8699951171875,600.6099853515625,592.260009765625,596.8800048828125,567.0467529296875,2926400,0.0,0.0
2024-09-09 00:00:00-04:00,598.3200073242188,599.47998046875,575.27001953125,594.0999755859375,564.4056396484375,3411400,0.0,0.0
2024-09-10 00:00:00-04:00,595.2100219726562,604.7999877929688,591.1500244140625,599.030029296875,569.0892944335938,2863500,0.0,0.0
2024-09-11 00:00:00-04:00,589.1400146484375,591.4000244140625,578.969970703125,589.75,560.2730712890625,3563600,0.0,0.0
2024-09-12 00:00:00-04:00,588.530029296875,590.510009765625,583.2100219726562,588.4199829101562,559.009521484375,3395800,0.0,0.0
2024-09-13 00:00:00-04:00,591.0800170898438,597.6799926757812,587.22998046875,594.3200073242188,564.6146850585938,2241900,0.0,0.0
2024-09-16 00:00:00-04:00,595.0,598.7899780273438,587.760009765625,589.1400146484375,561.67822265625,2548600,2.1,0.0
2024-09-17 00:00:00-04:00,586.010009765625,586.719970703125,576.3900146484375,577.9600219726562,551.0194091796875,3416000,0.0,0.0
2024-09-18 00:00:00-04:00,576.8599853515625,584.52001953125,572.3099975585938,580.6500244140625,553.5840454101562,2988300,0.0,0.0
2024-09-19 00:00:00-04:00,583.719970703125,584.8300170898438,574.5800170898438,577.0700073242188,550.1708984375,2945700,0.0,0.0
2024-09-20 00:00:00-04:00,571.7000122070312,578.8400268554688,569.6500244140625,575.0,548.1973876953125,5398700,0.0,0.0
2024-09-23 00:00:00-04:00,576.489990234375,579.4299926757812,572.0,573.4099731445312,546.681396484375,2386100,0.0,0.0
2024-09-24 00:00:00-04:00,570.8200073242188,577.3099975585938,566.0,575.1900024414062,548.3784790039062,3188500,0.0,0.0
2024-09-25 00:00:00-04:00,577.8699951171875,581.1099853515625,573.0800170898438,576.3099975585938,549.4463500976562,2658800,0.0,0.0
2024-09-26 00:00:00-04:00,575.0,576.5999755859375,570.9099731445312,574.8099975585938,548.0162353515625,2751900,0.0,0.0
2024-09-27 00:00:00-04:00,577.6799926757812,586.7100219726562,576.5900268554688,581.8499755859375,554.72802734375,2986200,0.0,0.0
2024-09-30 00:00:00-04:00,583.5,586.4199829101562,578.739990234375,584.6799926757812,557.4262084960938,3009700,0.0,0.0
2024-10-01 00:00:00-04:00,585.0,588.7000122070312,580.77001953125,583.2999877929688,556.1104125976562,2648400,0.0,0.0
2024-10-02 00:00:00-04:00,604.260009765625,604.52001953125,584.25,592.3099975585938,564.7005004882812,3667000,0.0,0.0
2024-10-03 00:00:00-04:00,590.6099853515625,593.22998046875,584.3699951171875,592.75,565.1199340820312,2645800,0.0,0.0
2024-10-04 00:00:00-04:00,592.1300048828125,596.1300048828125,588.4400024414062,591.2000122070312,563.6422119140625,2462600,0.0,0.0
2024-10-07 00:00:00-04:00,588.7899780273438,592.4400024414062,583.3300170898438,583.5599975585938,556.3583374023438,2591100,0.0,0.0
2024-10-08 00:00:00-04:00,588.0599975585938,589.2100219726562,579.5599975585938,581.5800170898438,554.4706420898438,2231400,0.0,0.0
2024-10-09 00:00:00-04:00,582.1599731445312,592.7999877929688,580.6099853515625,591.219970703125,563.6612548828125,2207700,0.0,0.0
2024-10-10 00:00:00-04:00,595.1799926757812,598.9500122070312,592.760009765625,597.7000122070312,569.8391723632812,2143200,0.0,0.0
2024-10-11 00:00:00-04:00,596.489990234375,601.52001953125,596.2000122070312,598.0499877929688,570.1729125976562,1909700,0.0,0.0
2024-10-14 00:00:00-04:00,599.1099853515625,608.6300048828125,597.3800048828125,605.4000244140625,577.1803588867188,2447100,0.0,0.0
2024-10-15 00:00:00-04:00,552.02001953125,569.7000122070312,543.0,556.2899780273438,530.3594360351562,11939400,0.0,0.0
2024-10-16 00:00:00-04:00,557.010009765625,576.1799926757812,555.1199951171875,571.3400268554688,544.7079467773438,5103900,0.0,0.0
2024-10-17 00:00:00-04:00,560.5800170898438,569.469970703125,558.719970703125,566.030029296875,539.6455688476562,5588700,0.0,0.0
2024-10-18 00:00:00-04:00,566.8499755859375,570.9500122070312,563.0399780273438,569.6099853515625,543.05859375,3687000,0.0,0.0
2024-10-21 00:00:00-04:00,569.6400146484375,579.280029296875,568.7000122070312,571.469970703125,544.8318481445312,3018000,0.0,0.0
2024-10-22 00:00:00-04:00,567.8499755859375,573.0399780273438,565.489990234375,569.8599853515625,543.296875,2593800,0.0,0.0
2024-10-23 00:00:00-04:00,572.1300048828125,574.1400146484375,560.0,564.6400146484375,538.3203125,2911900,0.0,0.0
2024-10-24 00:00:00-04:00,564.989990234375,571.7000122070312,560.3099975585938,560.8099975585938,534.6688232421875,2590200,0.0,0.0
2024-10-25 00:00:00-04:00,566.1599731445312,571.5,563.6099853515625,564.5599975585938,538.2440185546875,2513700,0.0,0.0
2024-10-28 00:00:00-04:00,566.25,568.3300170898438,562.8099975585938,565.239990234375,538.892333984375,1826500,0.0,0.0
2024-10-29 00:00:00-04:00,562.8200073242188,567.6799926757812,560.6599731445312,562.1300048828125,535.9273071289062,2600300,0.0,0.0
2024-10-30 00:00:00-04:00,561.25,570.3099975585938,560.9500122070312,562.9600219726562,536.7185668945312,2323600,0.0,0.0
2024-10-31 00:00:00-04:00,560.8800048828125,568.4500122070312,560.8800048828125,564.5,538.186767578125,2490000,0.0,0.0
2024-11-01 00:00:00-04:00,565.1199951171875,570.3300170898438,563.9000244140625,567.5599975585938,541.1041870117188,2548300,0.0,0.0
2024-11-04 00:00:00-05:00,566.739990234375,568.5900268554688,555.4199829101562,557.77001953125,531.7705688476562,2656600,0.0,0.0
2024-11-05 00:00:00-05:00,558.280029296875,568.739990234375,554.4000244140625,567.030029296875,540.5989379882812,2608100,0.0,0.0
2024-11-06 00:00:00-05:00,603.9000244140625,605.5,590.8499755859375,596.6900024414062,568.8762817382812,6591300,0.0,0.0
2024-11-07 00:00:00-05:00,598.6900024414062,607.6400146484375,596.1500244140625,605.4500122070312,577.2280883789062,5254300,0.0,0.0
2024-11-08 00:00:00-05:00,609.0,619.7999877929688,605.2000122070312,615.8099975585938,587.1051025390625,3875800,0.0,0.0
2024-11-11 00:00:00-05:00,616.9000244140625,630.72998046875,613.9199829101562,625.25,596.1051025390625,3003200,0.0,0.0
2024-11-12 00:00:00-05:00,619.5800170898438,624.47998046875,613.780029296875,614.6699829101562,586.0181274414062,2809400,0.0,0.0
2024-11-13 00:00:00-05:00,613.0,613.010009765625,603.0599975585938,605.8699951171875,577.62841796875,3409400,0.0,0.0
2024-11-14 00:00:00-05:00,603.47998046875,606.0,588.989990234375,593.1500244140625,565.5013427734375,3079200,0.0,0.0
2024-11-15 00:00:00-05:00,591.9199829101562,598.9299926757812,589.9500122070312,592.22998046875,564.624267578125,3423900,0.0,0.0
2024-11-18 00:00:00-05:00,589.4400024414062,594.1400146484375,585.3200073242188,589.6500244140625,562.16455078125,2577100,0.0,0.0
2024-11-19 00:00:00-05:00,582.719970703125,586.8400268554688,576.77001953125,577.0,550.1041870117188,3198300,0.0,0.0
2024-11-20 00:00:00-05:00,582.7100219726562,602.6400146484375,581.5499877929688,600.5,572.5087280273438,3928600,0.0,0.0
2024-11-21 00:00:00-05:00,600.0,604.0,596.72998046875,597.489990234375,569.6389770507812,2722900,0.0,0.0
2024-11-22 00:00:00-05:00,598.5599975585938,601.260009765625,588.6699829101562,590.8699951171875,563.3275756835938,3197900,0.0,0.0
2024-11-25 00:00:00-05:00,597.5800170898438,609.8400268554688,595.010009765625,605.8300170898438,577.5902709960938,5146200,0.0,0.0
2024-11-26 00:00:00-05:00,608.239990234375,608.469970703125,598.8800048828125,606.7899780273438,578.5055541992188,2693600,0.0,0.0
2024-11-27 00:00:00-05:00,611.030029296875,617.4500122070312,606.7000122070312,608.3800048828125,580.0214233398438,2269800,0.0,0.0
2024-11-29 00:00:00-05:00,608.7999877929688,615.780029296875,606.6199951171875,610.2000122070312,581.756591796875,2010800,0.0,0.0
2024-12-02 00:00:00-05:00,614.0,614.0,600.77001953125,608.52001953125,580.1549072265625,3364900,0.0,0.0
2024-12-03 00:00:00-05:00,610.8499755859375,615.75,604.8200073242188,605.22998046875,577.0182495117188,2329900,0.0,0.0
2024-12-04 00:00:00-05:00,611.02001953125,622.8300170898438,606.969970703125,610.7899780273438,582.319091796875,4147600,0.0,0.0
2024-12-05 00:00:00-05:00,605.6400146484375,608.989990234375,573.8900146484375,578.969970703125,551.9822387695312,5943700,0.0,0.0
2024-12-06 00:00:00-05:00,582.1099853515625,582.1099853515625,544.1400146484375,549.6199951171875,524.0004272460938,13003600,0.0,0.0
2024-12-09 00:00:00-05:00,552.0,562.97998046875,544.6400146484375,560.6199951171875,536.5377197265625,7684700,2.1,0.0
2024-12-10 00:00:00-05:00,562.0,567.75,557.030029296875,565.1900024414062,540.9114379882812,5360600,0.0,0.0
2024-12-11 00:00:00-05:00,555.6599731445312,558.0999755859375,532.6699829101562,533.530029296875,510.6114196777344,10363000,0.0,0.0
2024-12-12 00:00:00-05:00,531.530029296875,534.0,514.1900024414062,515.760009765625,493.604736328125,9403800,0.0,0.0
2024-12-13 00:00:00-05:00,515.6400146484375,527.530029296875,510.7200012207031,520.47998046875,498.1219177246094,8202900,0.0,0.0
2024-12-16 00:00:00-05:00,518.0,521.7000122070312,496.0799865722656,498.5,477.0861511230469,8880000,0.0,0.0
2024-12-17 00:00:00-05:00,487.0,495.6000061035156,475.82000732421875,485.5199890136719,464.6636962890625,14132700,0.0,0.0
2024-12-18 00:00:00-05:00,488.42999267578125,506.5400085449219,486.0,499.7200012207031,478.2537536621094,10147600,0.0,0.0
2024-12-19 00:00:00-05:00,500.1400146484375,503.6499938964844,486.239990234375,489.25,468.2335205078125,7418100,0.0,0.0
2024-12-20 00:00:00-05:00,489.2900085449219,502.6400146484375,488.7300109863281,500.1300048828125,478.64617919921875,10956900,0.0,0.0
2024-12-23 00:00:00-05:00,500.760009765625,508.7799987792969,499.04998779296875,506.3399963378906,484.58935546875,4286000,0.0,0.0
2024-12-24 00:00:00-05:00,504.3999938964844,506.1000061035156,500.5899963378906,506.1000061035156,484.35968017578125,1824400,0.0,0.0
2024-12-26 00:00:00-05:00,505.6499938964844,512.219970703125,504.7300109863281,511.1499938964844,489.1927185058594,3387000,0.0,0.0
2024-12-27 00:00:00-05:00,509.4200134277344,513.1799926757812,507.79998779296875,509.989990234375,488.08258056640625,3471800,0.0,0.0
2024-12-30 00:00:00-05:00,506.8599853515625,509.7300109863281,500.6600036621094,507.79998779296875,485.98663330078125,5408600,0.0,0.0
2024-12-31 00:00:00-05:00,509.3500061035156,511.0,503.3399963378906,505.8599853515625,484.12994384765625,4214000,0.0,0.0
2025-01-02 00:00:00-05:00,508.0,512.1099853515625,503.2900085449219,504.510009765625,482.8379821777344,4234900,0.0,0.0
2025-01-03 00:00:00-05:00,506.3500061035156,516.2899780273438,505.3800048828125,513.0,490.9632568359375,3019500,0.0,0.0
2025-01-06 00:00:00-05:00,513.0,520.2999877929688,509.82000732421875,513.6699829101562,491.6044921875,4444800,0.0,0.0
2025-01-07 00:00:00-05:00,518.8499755859375,519.5,511.2200012207031,514.25,492.1595764160156,3914500,0.0,0.0
2025-01-08 00:00:00-05:00,514.5,524.6699829101562,509.510009765625,524.52001953125,501.9884338378906,4141700,0.0,0.0
2025-01-10 00:00:00-05:00,526.6400146484375,535.4500122070312,518.469970703125,520.6900024414062,498.3229675292969,5467500,0.0,0.0
2025-01-13 00:00:00-05:00,535.0399780273438,547.4000244140625,533.1400146484375,541.1400146484375,517.8944702148438,6472500,0.0,0.0
2025-01-14 00:00:00-05:00,539.6500244140625,544.5499877929688,536.5499877929688,543.739990234375,520.3828125,3978300,0.0,0.0
2025-01-15 00:00:00-05:00,537.0999755859375,546.2899780273438,534.3300170898438,543.4199829101562,520.0764770507812,4103900,0.0,0.0
2025-01-16 00:00:00-05:00,530.3499755859375,539.8400268554688,510.0,510.5899963378906,488.65679931640625,9059900,0.0,0.0
2025-01-17 00:00:00-05:00,505.6199951171875,521.8200073242188,502.79998779296875,509.760009765625,487.8624572753906,7495700,0.0,0.0
2025-01-21 00:00:00-05:00,514.0499877929688,525.0,512.8200073242188,524.989990234375,502.4382019042969,5682100,0.0,0.0
2025-01-22 00:00:00-05:00,521.6599731445312,524.4400024414062,516.0,519.719970703125,497.3946228027344,3756100,0.0,0.0
2025-01-23 00:00:00-05:00,527.8699951171875,531.47998046875,519.3200073242188,529.77001953125,507.0129089355469,4580800,0.0,0.0
2025-01-24 00:00:00-05:00,528.1099853515625,534.6300048828125,524.510009765625,532.510009765625,509.6351623535156,3671200,0.0,0.0
2025-01-27 00:00:00-05:00,539.97998046875,551.9099731445312,539.97998046875,543.52001953125,520.1722412109375,4263000,0.0,0.0
2025-01-28 00:00:00-05:00,543.010009765625,546.5,537.8400268554688,542.47998046875,519.1768188476562,3162700,0.0,0.0
2025-01-29 00:00:00-05:00,541.72998046875,543.47998046875,534.010009765625,538.0999755859375,514.9850463867188,2737600,0.0,0.0
2025-01-30 00:00:00-05:00,539.469970703125,547.1099853515625,535.0,545.5700073242188,522.13427734375,2924700,0.0,0.0
2025-01-31 00:00:00-05:00,543.239990234375,549.1599731445312,541.4099731445312,542.489990234375,519.1864624023438,4120500,0.0,0.0
2025-02-03 00:00:00-05:00,542.0,553.9099731445312,541.0700073242188,548.1799926757812,524.6320190429688,4083600,0.0,0.0
2025-02-04 00:00:00-05:00,545.2000122070312,548.8099975585938,541.510009765625,545.4500122070312,522.0194091796875,2869900,0.0,0.0
2025-02-05 00:00:00-05:00,530.72998046875,540.7000122070312,521.9099731445312,539.8099975585938,516.62158203125,4621600,0.0,0.0
2025-02-06 00:00:00-05:00,537.8900146484375,539.0999755859375,525.27001953125,530.0399780273438,507.27130126953125,3926800,0.0,0.0
2025-02-07 00:00:00-05:00,529.2000122070312,532.3900146484375,525.3900146484375,527.030029296875,504.390625,3349100,0.0,0.0
2025-02-10 00:00:00-05:00,527.6699829101562,534.1599731445312,523.3800048828125,533.3699951171875,510.4583435058594,3143100,0.0,0.0
2025-02-11 00:00:00-05:00,535.0,547.5399780273438,528.27001953125,533.9199829101562,510.984619140625,2631900,0.0,0.0
2025-02-12 00:00:00-05:00,539.8499755859375,542.3499755859375,525.510009765625,527.4000244140625,504.7447509765625,3859200,0.0,0.0
2025-02-13 00:00:00-05:00,530.9000244140625,534.3300170898438,527.0999755859375,531.1799926757812,508.36224365234375,2835100,0.0,0.0
2025-02-14 00:00:00-05:00,529.0,533.2000122070312,522.9099731445312,523.510009765625,501.0218200683594,3705300,0.0,0.0
2025-02-18 00:00:00-05:00,510.94000244140625,516.0,497.0,500.7300109863281,479.2203674316406,8759300,0.0,0.0
2025-02-19 00:00:00-05:00,501.3299865722656,511.8599853515625,498.1499938964844,511.0400085449219,489.08746337890625,4380300,0.0,0.0
2025-02-20 00:00:00-05:00,505.19000244140625,508.42999267578125,500.239990234375,502.4200134277344,480.8377990722656,4144300,0.0,0.0
2025-02-21 00:00:00-05:00,439.54998779296875,469.70001220703125,438.5,466.4200134277344,446.38421630859375,19864900,0.0,0.0
2025-02-24 00:00:00-05:00,466.67999267578125,468.0,457.0,461.5199890136719,441.6947021484375,6919300,0.0,0.0
2025-02-25 00:00:00-05:00,460.7699890136719,470.760009765625,450.07000732421875,470.3800048828125,450.1741027832031,9101000,0.0,0.0
2025-02-26 00:00:00-05:00,464.6499938964844,473.04998779296875,458.20001220703125,463.5899963378906,443.6757507324219,5108400,0.0,0.0
2025-02-27 00:00:00-05:00,466.1700134277344,475.3999938964844,465.0199890136719,468.55999755859375,448.43231201171875,4216800,0.0,0.0
2025-02-28 00:00:00-05:00,467.0,476.3599853515625,464.4800109863281,474.9599914550781,454.5573425292969,6146300,0.0,0.0
2025-03-03 00:00:00-05:00,474.3699951171875,477.2699890136719,465.2099914550781,467.04998779296875,446.98712158203125,5700200,0.0,0.0
2025-03-04 00:00:00-05:00,469.75,479.2099914550781,466.4599914550781,474.6099853515625,454.22235107421875,5864100,0.0,0.0
2025-03-05 00:00:00-05:00,471.07000732421875,479.0799865722656,471.010009765625,475.9800109863281,455.5335693359375,3637100,0.0,0.0
2025-03-06 00:00:00-05:00,476.0,488.1199951171875,472.0,487.7200012207031,466.7692565917969,4964000,0.0,0.0
2025-03-07 00:00:00-05:00,483.8299865722656,499.9200134277344,483.3699951171875,493.4800109863281,472.2818298339844,5434100,0.0,0.0
2025-03-10 00:00:00-04:00,492.2799987792969,497.8500061035156,477.7099914550781,480.2200012207031,461.5555419921875,5108900,2.1,0.0
2025-03-11 00:00:00-04:00,482.5,486.7699890136719,477.1400146484375,486.0400085449219,467.1493225097656,4101000,0.0,0.0
2025-03-12 00:00:00-04:00,483.1400146484375,487.6000061035156,478.82000732421875,481.1099853515625,462.41094970703125,3680800,0.0,0.0
2025-03-13 00:00:00-04:00,479.45001220703125,484.05999755859375,475.0,481.5199890136719,462.80499267578125,2876600,0.0,0.0
2025-03-14 00:00:00-04:00,481.0,489.45001220703125,478.239990234375,488.6499938964844,469.6578674316406,3915900,0.0,0.0
2025-03-17 00:00:00-04:00,487.510009765625,500.6099853515625,485.95001220703125,499.0199890136719,479.62481689453125,5152300,0.0,0.0
2025-03-18 00:00:00-04:00,502.239990234375,505.9700012207031,497.82000732421875,503.79998779296875,484.2190856933594,3617600,0.0,0.0
2025-03-19 00:00:00-04:00,505.0400085449219,506.3500061035156,500.05999755859375,503.20001220703125,483.6424255371094,3317600,0.0,0.0
2025-03-20 00:00:00-04:00,505.25,514.3900146484375,503.510009765625,511.29998779296875,491.42755126953125,4965400,0.0,0.0
2025-03-21 00:00:00-04:00,511.67999267578125,519.0,505.0899963378906,516.8499755859375,496.7618103027344,10244900,0.0,0.0
2025-03-24 00:00:00-04:00,515.0800170898438,518.25,511.1199951171875,516.5,496.4254455566406,3840900,0.0,0.0
2025-03-25 00:00:00-04:00,518.280029296875,519.0,511.5299987792969,513.4299926757812,493.4747314453125,3015100,0.0,0.0
2025-03-26 00:00:00-04:00,515.2000122070312,522.9500122070312,512.8499755859375,518.2000122070312,498.05938720703125,3253800,0.0,0.0
2025-03-27 00:00:00-04:00,516.2899780273438,521.0800170898438,512.9500122070312,515.719970703125,495.6757507324219,2822200,0.0,0.0
2025-03-28 00:00:00-04:00,516.8699951171875,520.97998046875,515.0499877929688,516.0399780273438,495.98333740234375,2379100,0.0,0.0
2025-03-31 00:00:00-04:00,519.1799926757812,528.1199951171875,518.5900268554688,523.75,503.39373779296875,5238700,0.0,0.0
2025-04-01 00:00:00-04:00,525.739990234375,528.1699829101562,520.9500122070312,523.1199951171875,502.7881164550781,2962500,0.0,0.0
2025-04-02 00:00:00-04:00,522.9500122070312,525.0,516.7999877929688,523.2000122070312,502.8650817871094,2378900,0.0,0.0
2025-04-03 00:00:00-04:00,529.989990234375,548.5,529.2899780273438,540.4400024414062,519.4349975585938,6457900,0.0,0.0
2025-04-04 00:00:00-04:00,540.6400146484375,551.739990234375,524.8400268554688,525.0499877929688,504.6430969238281,9919000,0.0,0.0
2025-04-07 00:00:00-04:00,513.4000244140625,529.2000122070312,503.5899963378906,524.7000122070312,504.3067626953125,7356700,0.0,0.0
2025-04-08 00:00:00-04:00,582.1699829101562,585.010009765625,547.4600219726562,553.0800170898438,531.583740234375,11762300,0.0,0.0
2025-04-09 00:00:00-04:00,560.1400146484375,589.4000244140625,554.4600219726562,578.5,556.0158081054688,12691900,0.0,0.0
2025-04-10 00:00:00-04:00,580.239990234375,601.8800048828125,580.0,594.4000244140625,571.2977294921875,8646000,0.0,0.0
2025-04-11 00:00:00-04:00,588.9199829101562,606.3599853515625,586.530029296875,599.469970703125,576.1707153320312,6121500,0.0,0.0
2025-04-14 00:00:00-04:00,595.0,595.6300048828125,579.2899780273438,587.0599975585938,564.2430419921875,4839300,0.0,0.0
2025-04-15 00:00:00-04:00,592.239990234375,592.8599853515625,582.010009765625,583.5900268554688,560.907958984375,3871300,0.0,0.0
2025-04-16 00:00:00-04:00,585.3200073242188,594.8099975585938,582.9600219726562,585.0399780273438,562.3015747070312,4192100,0.0,0.0
2025-04-17 00:00:00-04:00,481.95001220703125,489.7900085449219,447.1000061035156,454.1099853515625,436.4603576660156,29120200,0.0,0.0
2025-04-21 00:00:00-04:00,449.760009765625,453.5,424.80999755859375,425.3299865722656,408.7989196777344,13029900,0.0,0.0
2025-04-22 00:00:00-04:00,424.6400146484375,431.5,417.1199951171875,427.17999267578125,410.57696533203125,10156900,0.0,0.0
2025-04-23 00:00:00-04:00,427.07000732421875,438.8500061035156,423.75,427.9599914550781,411.32666015625,8345700,0.0,0.0
2025-04-24 00:00:00-04:00,427.57000732421875,429.8999938964844,423.6499938964844,424.25,407.76092529296875,7629100,0.0,0.0
2025-04-25 00:00:00-04:00,423.55999755859375,423.55999755859375,412.0199890136719,418.6400146484375,402.3689270019531,9263800,0.0,0.0
2025-04-28 00:00:00-04:00,419.75,424.1199951171875,415.54998779296875,420.0,403.67608642578125,6614300,0.0,0.0
2025-04-29 00:00:00-04:00,421.19000244140625,421.75,409.1000061035156,409.2300109863281,393.3246765136719,9909100,0.0,0.0
2025-04-30 00:00:00-04:00,409.0299987792969,413.260009765625,401.0,411.44000244140625,395.4487609863281,9192800,0.0,0.0
2025-05-01 00:00:00-04:00,411.32000732421875,411.989990234375,399.8599853515625,400.67999267578125,385.1069641113281,9316800,0.0,0.0
2025-05-02 00:00:00-04:00,399.9599914550781,402.0,393.1099853515625,399.9200134277344,384.3765563964844,11392900,0.0,0.0
2025-05-05 00:00:00-04:00,399.1199951171875,409.70001220703125,397.5899963378906,404.80999755859375,389.0764465332031,8157200,0.0,0.0
2025-05-06 00:00:00-04:00,402.79998779296875,404.7200012207031,393.4200134277344,394.510009765625,379.1767883300781,7858600,0.0,0.0
2025-05-07 00:00:00-04:00,395.3500061035156,395.5199890136719,385.70001220703125,391.05999755859375,375.86083984375,8517200,0.0,0.0
2025-05-08 00:00:00-04:00,390.0,390.9200134277344,385.3699951171875,385.54998779296875,370.56500244140625,7218300,0.0,0.0
2025-05-09 00:00:00-04:00,385.6700134277344,386.54998779296875,378.5400085449219,380.6400146484375,365.8459167480469,8381100,0.0,0.0
2025-05-12 00:00:00-04:00,381.0,387.2099914550781,376.8399963378906,378.75,364.029296875,11004800,0.0,0.0
2025-05-13 00:00:00-04:00,335.739990234375,342.0,309.1000061035156,311.3800048828125,299.2777404785156,59478300,0.0,0.0
2025-05-14 00:00:00-04:00,321.45001220703125,322.94000244140625,307.1099853515625,308.010009765625,296.0387878417969,40029600,0.0,0.0
2025-05-15 00:00:00-04:00,274.8999938964844,276.6499938964844,248.8800048828125,274.3500061035156,263.6869812011719,121849200,0.0,0.0
2025-05-16 00:00:00-04:00,279.2900085449219,294.489990234375,269.1400146484375,291.9100036621094,280.5644836425781,71094300,0.0,0.0
2025-05-19 00:00:00-04:00,304.7699890136719,316.2900085449219,297.25,315.8900146484375,303.6124572753906,62524700,0.0,0.0
2025-05-20 00:00:00-04:00,320.9200134277344,324.6400146484375,312.5799865722656,321.5799865722656,309.081298828125,41487000,0.0,0.0
2025-05-21 00:00:00-04:00,301.0,309.9599914550781,300.07000732421875,302.9800109863281,291.2042236328125,45506900,0.0,0.0
2025-05-22 00:00:00-04:00,293.8900146484375,305.6700134277344,292.5,296.6700134277344,285.1394958496094,27159600,0.0,0.0
2025-05-23 00:00:00-04:00,296.1000061035156,299.70001220703125,291.6400146484375,295.57000732421875,284.082275390625,16873600,0.0,0.0
2025-05-27 00:00:00-04:00,299.5,299.95001220703125,289.1300048828125,295.0,283.5343933105469,20144600,0.0,0.0
2025-05-28 00:00:00-04:00,294.0,303.7799987792969,293.2799987792969,298.1099853515625,286.52349853515625,16114200,0.0,0.0
2025-05-29 00:00:00-04:00,296.79998779296875,303.3800048828125,295.0,298.1700134277344,286.5811767578125,16221100,0.0,0.0
2025-05-30 00:00:00-04:00,297.9700012207031,305.6400146484375,295.8399963378906,301.9100036621094,290.17578125,16309300,0.0,0.0
2025-06-02 00:00:00-04:00,303.1199951171875,313.54998779296875,300.9700012207031,304.7200012207031,292.8766174316406,19074400,0.0,0.0
2025-06-03 00:00:00-04:00,303.1000061035156,305.7200012207031,300.010009765625,301.2200012207031,289.51263427734375,12805700,0.0,0.0
2025-06-04 00:00:00-04:00,303.5400085449219,307.6400146484375,300.20001220703125,300.3800048828125,288.7052917480469,11255600,0.0,0.0
2025-06-05 00:00:00-04:00,300.3800048828125,302.4200134277344,294.1099853515625,295.8399963378906,284.34173583984375,13529000,0.0,0.0
2025-06-06 00:00:00-04:00,297.2300109863281,304.3900146484375,297.1499938964844,303.2200012207031,291.4349365234375,12589000,0.0,0.0
2025-06-09 00:00:00-04:00,305.0400085449219,307.3999938964844,301.1400146484375,303.19000244140625,291.40606689453125,12170300,0.0,0.0
2025-06-10 00:00:00-04:00,303.79998779296875,305.1199951171875,300.5899963378906,303.7900085449219,291.98272705078125,11384100,0.0,0.0
2025-06-11 00:00:00-04:00,302.67999267578125,311.5799865722656,302.2300109863281,310.55999755859375,298.4896240234375,14711400,0.0,0.0
2025-06-12 00:00:00-04:00,311.3999938964844,318.79998779296875,308.510009765625,318.5,306.1210632324219,15957200,0.0,0.0
2025-06-13 00:00:00-04:00,315.8999938964844,317.4200134277344,311.9100036621094,313.5299987792969,301.3442077636719,13762400,0.0,0.0
2025-06-16 00:00:00-04:00,313.0,313.2699890136719,304.7900085449219,307.6600036621094,297.8014831542969,14240100,2.21,0.0
2025-06-17 00:00:00-04:00,307.45001220703125,309.95001220703125,305.5199890136719,308.8699951171875,298.9726867675781,11593900,0.0,0.0
2025-06-18 00:00:00-04:00,307.54998779296875,311.7900085449219,306.2300109863281,307.20001220703125,297.3562316894531,12205600,0.0,0.0
2025-06-20 00:00:00-04:00,309.5,309.5899963378906,301.5899963378906,302.010009765625,292.33251953125,16177900,0.0,0.0
2025-06-23 00:00:00-04:00,301.8999938964844,302.4700012207031,295.5199890136719,300.67999267578125,291.04510498046875,12274700,0.0,0.0
2025-06-24 00:00:00-04:00,301.45001220703125,305.82000732421875,299.3299865722656,305.6199951171875,295.82684326171875,8781400,0.0,0.0
2025-06-25 00:00:00-04:00,304.3800048828125,304.3800048828125,299.79998779296875,302.0199890136719,292.3421630859375,8722100,0.0,0.0
2025-06-26 00:00:00-04:00,302.57000732421875,306.7099914550781,301.2900085449219,302.6199951171875,292.9229736328125,6532700,0.0,0.0
2025-06-27 00:00:00-04:00,302.95001220703125,310.45001220703125,302.20001220703125,309.1099853515625,299.2049865722656,15304400,0.0,0.0
2025-06-30 00:00:00-04:00,309.0,312.3800048828125,306.3399963378906,311.9700012207031,301.9733581542969,10074100,0.0,0.0
2025-07-01 00:00:00-04:00,311.9700012207031,326.54998779296875,311.0799865722656,326.1400146484375,315.6893310546875,17865500,0.0,0.0
2025-07-02 00:00:00-04:00,320.739990234375,322.4200134277344,306.42999267578125,307.55999755859375,297.7047119140625,18177200,0.0,0.0
2025-07-03 00:00:00-04:00,309.8399963378906,312.25,308.2300109863281,308.54998779296875,298.6629638671875,6161100,0.0,0.0
2025-07-07 00:00:00-04:00,308.0,308.6099853515625,301.20001220703125,303.7099914550781,293.97802734375,9031200,0.0,0.0
2025-07-08 00:00:00-04:00,304.2300109863281,308.29998779296875,303.79998779296875,307.70001220703125,297.8402404785156,9613800,0.0,0.0
2025-07-09 00:00:00-04:00,303.19000244140625,303.6000061035156,298.75,302.9100036621094,293.2036437988281,12816700,0.0,0.0
2025-07-10 00:00:00-04:00,303.05999755859375,304.92999267578125,296.6000061035156,299.510009765625,289.9126281738281,11355600,0.0,0.0
2025-07-11 00:00:00-04:00,300.0199890136719,304.1199951171875,298.0,304.1000061035156,294.3555908203125,9808200,0.0,0.0
2025-07-14 00:00:00-04:00,301.6400146484375,304.0400085449219,299.0,300.5799865722656,290.94830322265625,10681400,0.0,0.0
2025-07-15 00:00:00-04:00,299.7099914550781,300.67999267578125,291.0299987792969,291.7099914550781,282.362548828125,16019000,0.0,0.0
2025-07-16 00:00:00-04:00,292.54998779296875,295.989990234375,290.75,292.489990234375,283.1175231933594,9714000,0.0,0.0
2025-07-17 00:00:00-04:00,292.3299865722656,293.0,283.8299865722656,288.07000732421875,278.8392333984375,14792700,0.0,0.0
2025-07-18 00:00:00-04:00,287.8900146484375,288.07000732421875,280.80999755859375,282.6499938964844,273.5928649902344,14979700,0.0,0.0
2025-07-21 00:00:00-04:00,284.6400146484375,286.5,281.20001220703125,282.1400146484375,273.0992736816406,10319200,0.0,0.0
2025-07-22 00:00:00-04:00,282.6300048828125,287.1099853515625,282.0,285.1300048828125,275.9934387207031,14600300,0.0,0.0
2025-07-23 00:00:00-04:00,287.5,292.6400146484375,284.95001220703125,292.510009765625,283.1369323730469,13111100,0.0,0.0
2025-07-24 00:00:00-04:00,283.1000061035156,289.2099914550781,278.2200012207031,278.5799865722656,269.6532897949219,22585200,0.0,0.0
2025-07-25 00:00:00-04:00,281.0,286.1400146484375,279.94000244140625,281.05999755859375,272.0538330078125,16486600,0.0,0.0
2025-07-28 00:00:00-04:00,283.5,285.0,279.69000244140625,282.1199951171875,273.0798645019531,15779400,0.0,0.0
2025-07-29 00:00:00-04:00,265.70001220703125,272.9100036621094,260.54998779296875,261.07000732421875,252.70437622070312,41706000,0.0,0.0
2025-07-30 00:00:00-04:00,264.79998779296875,266.6300048828125,258.1199951171875,266.0400085449219,257.5151672363281,22371800,0.0,0.0
2025-07-31 00:00:00-04:00,261.3999938964844,261.3999938964844,247.75,249.55999755859375,241.56320190429688,29606900,0.0,0.0
2025-08-01 00:00:00-04:00,250.61000061035156,251.49000549316406,234.60000610351562,237.77000427246094,230.1510009765625,39989200,0.0,0.0
2025-08-04 00:00:00-04:00,238.24000549316406,242.25,236.9499969482422,240.97999572753906,233.2581329345703,17427900,0.0,0.0
2025-08-05 00:00:00-04:00,241.16000366210938,252.07000732421875,240.0500030517578,251.0,242.9570770263672,23795900,0.0,0.0
2025-08-06 00:00:00-04:00,250.63999938964844,253.16000366210938,245.30999755859375,245.77999877929688,237.90431213378906,12946400,0.0,0.0
2025-08-07 00:00:00-04:00,246.4199981689453,248.75,239.5,244.6699981689453,236.82989501953125,11369900,0.0,0.0
2025-08-08 00:00:00-04:00,244.7899932861328,251.0800018310547,244.3699951171875,250.88999938964844,242.8505859375,10185700,0.0,0.0
2025-08-11 00:00:00-04:00,253.8699951171875,258.3999938964844,252.13999938964844,252.3699951171875,244.2831573486328,11779500,0.0,0.0
2025-08-12 00:00:00-04:00,254.02000427246094,262.8800048828125,253.6699981689453,261.57000732421875,253.1883544921875,12171800,0.0,0.0
2025-08-13 00:00:00-04:00,264.3900146484375,272.19000244140625,262.8900146484375,271.80999755859375,263.1002197265625,19480300,0.0,0.0
2025-08-14 00:00:00-04:00,272.1000061035156,273.8500061035156,267.0,271.489990234375,262.79046630859375,25011100,0.0,0.0
2025-08-15 00:00:00-04:00,301.7099914550781,310.29998779296875,294.7099914550781,304.010009765625,294.2684020996094,68198500,0.0,0.0
2025-08-18 00:00:00-04:00,313.17999267578125,316.3999938964844,307.4200134277344,308.489990234375,298.6048889160156,39600500,0.0,0.0
2025-08-19 00:00:00-04:00,308.8999938964844,310.5,299.2099914550781,304.239990234375,294.4910583496094,22348600,0.0,0.0
2025-08-20 00:00:00-04:00,306.3999938964844,307.20001220703125,295.70001220703125,299.8399963378906,290.2320251464844,16679000,0.0,0.0
2025-08-21 00:00:00-04:00,302.2900085449219,306.57000732421875,297.79998779296875,303.3500061035156,293.62957763671875,13359000,0.0,0.0
2025-08-22 00:00:00-04:00,306.1000061035156,310.67999267578125,304.5799865722656,307.4200134277344,297.5691833496094,14930000,0.0,0.0
2025-08-25 00:00:00-04:00,308.489990234375,308.8699951171875,302.7300109863281,304.8599853515625,295.0911865234375,8917100,0.0,0.0
2025-08-26 00:00:00-04:00,304.30999755859375,308.9599914550781,294.20001220703125,300.42999267578125,290.8031005859375,16303200,0.0,0.0
2025-08-27 00:00:00-04:00,300.5400085449219,305.9700012207031,300.5,303.8800048828125,294.1426086425781,9982800,0.0,0.0
2025-08-28 00:00:00-04:00,304.25,304.4700012207031,299.3999938964844,302.2900085449219,292.6035461425781,11235000,0.0,0.0
2025-08-29 00:00:00-04:00,302.29998779296875,310.0,300.9100036621094,309.8699951171875,299.9406433105469,12065400,0.0,0.0
2025-09-02 00:00:00-04:00,308.30999755859375,312.8900146484375,307.29998779296875,308.79998779296875,298.9049377441406,10957100,0.0,0.0
2025-09-03 00:00:00-04:00,308.1099853515625,309.5899963378906,303.70001220703125,307.8800048828125,298.01446533203125,9654600,0.0,0.0
2025-09-04 00:00:00-04:00,306.1000061035156,311.9100036621094,304.1000061035156,310.3800048828125,300.4342956542969,7725700,0.0,0.0
2025-09-05 00:00:00-04:00,310.44000244140625,317.94000244140625,308.20001220703125,315.3900146484375,305.2838134765625,14126700,0.0,0.0
2025-09-08 00:00:00-04:00,319.7099914550781,321.6499938964844,313.79998779296875,320.25,309.988037109375,18438600,0.0,0.0
2025-09-09 00:00:00-04:00,332.5,351.7099914550781,327.1600036621094,347.9200134277344,336.7713928222656,46408900,0.0,0.0
2025-09-10 00:00:00-04:00,345.55999755859375,348.57000732421875,341.3999938964844,346.7799987792969,335.66790771484375,17804300,0.0,0.0
2025-09-11 00:00:00-04:00,349.0,360.9800109863281,345.8399963378906,353.6099853515625,342.279052734375,18943500,0.0,0.0
2025-09-12 00:00:00-04:00,355.8999938964844,362.30999755859375,352.4599914550781,352.510009765625,341.2143249511719,14016200,0.0,0.0
2025-09-15 00:00:00-04:00,351.260009765625,351.7099914550781,342.5299987792969,347.8900146484375,338.8668518066406,11035900,2.21,0.0
2025-09-16 00:00:00-04:00,347.5,349.0400085449219,338.32000732421875,339.7799987792969,330.9671630859375,12695800,0.0,0.0
2025-09-17 00:00:00-04:00,337.69000244140625,343.0,337.69000244140625,341.6099853515625,332.74969482421875,8467700,0.0,0.0
2025-09-18 00:00:00-04:00,343.5299987792969,344.92999267578125,334.1199951171875,334.82000732421875,326.1358337402344,11255600,0.0,0.0
2025-09-19 00:00:00-04:00,336.5,340.9599914550781,333.8399963378906,336.69000244140625,327.9573059082031,13656800,0.0,0.0
2025-09-22 00:00:00-04:00,334.4599914550781,342.4800109863281,332.6000061035156,341.29998779296875,332.4477233886719,8903700,0.0,0.0
2025-09-23 00:00:00-04:00,341.0,352.70001220703125,339.9599914550781,347.69000244140625,338.6720275878906,12504100,0.0,0.0
2025-09-24 00:00:00-04:00,350.20001220703125,354.5,347.8399963378906,351.80999755859375,342.6851501464844,9016300,0.0,0.0
2025-09-25 00:00:00-04:00,348.8999938964844,350.19000244140625,343.6000061035156,345.55999755859375,336.5972595214844,8104900,0.0,0.0
2025-09-26 00:00:00-04:00,347.92999267578125,349.9700012207031,341.29998779296875,344.0799865722656,335.1556091308594,6774700,0.0,0.0
2025-09-29 00:00:00-04:00,343.9800109863281,345.54998779296875,341.45001220703125,345.17999267578125,336.22711181640625,6878900,0.0,0.0
2025-09-30 00:00:00-04:00,343.75,349.32000732421875,342.3299865722656,345.29998779296875,336.343994140625,7429700,0.0,0.0
2025-10-01 00:00:00-04:00,343.8999938964844,348.70001220703125,341.6300048828125,348.29998779296875,339.2662048339844,8825500,0.0,0.0
2025-10-02 00:00:00-04:00,347.2900085449219,355.0799865722656,344.6499938964844,353.7200012207031,344.5456237792969,8564200,0.0,0.0
2025-10-03 00:00:00-04:00,357.25,368.0,356.6099853515625,360.20001220703125,350.8575744628906,13494800,0.0,0.0
2025-10-06 00:00:00-04:00,361.0299987792969,362.5199890136719,357.1099853515625,358.7699890136719,349.46466064453125,7181700,0.0,0.0
2025-10-07 00:00:00-04:00,359.4100036621094,364.7200012207031,358.05999755859375,363.6600036621094,354.22784423828125,7236200,0.0,0.0
2025-10-08 00:00:00-04:00,366.92999267578125,374.6300048828125,365.79998779296875,369.9200134277344,360.325439453125,9438300,0.0,0.0
2025-10-09 00:00:00-04:00,372.5199890136719,376.2200012207031,366.0799865722656,367.69000244140625,358.1532897949219,8759800,0.0,0.0
2025-10-10 00:00:00-04:00,369.3999938964844,369.3999938964844,352.510009765625,354.5,345.3053894042969,13141900,0.0,0.0
2025-10-13 00:00:00-04:00,354.739990234375,359.1600036621094,353.32000732421875,358.6600036621094,349.35748291015625,5659400,0.0,0.0
2025-10-14 00:00:00-04:00,354.95001220703125,362.3299865722656,353.3999938964844,359.92999267578125,350.59454345703125,5974800,0.0,0.0
2025-10-15 00:00:00-04:00,359.3900146484375,364.2200012207031,355.8500061035156,361.1499938964844,351.78289794921875,6579600,0.0,0.0
2025-10-16 00:00:00-04:00,361.8399963378906,362.0,354.3999938964844,356.6700134277344,347.41912841796875,5872100,0.0,0.0
2025-10-17 00:00:00-04:00,351.0,358.3900146484375,350.8299865722656,356.6000061035156,347.3509216308594,8608400,0.0,0.0
2025-10-20 00:00:00-04:00,358.5400085449219,365.57000732421875,357.510009765625,364.4800109863281,355.0265808105469,5996500,0.0,0.0
2025-10-21 00:00:00-04:00,365.1400146484375,371.04998779296875,361.5,365.3699951171875,355.8934631347656,6885300,0.0,0.0
2025-10-22 00:00:00-04:00,363.9599914550781,364.0,358.0,361.489990234375,352.1140441894531,7833000,0.0,0.0
2025-10-23 00:00:00-04:00,355.5799865722656,362.2799987792969,353.6400146484375,360.45001220703125,351.10107421875,5756700,0.0,0.0
2025-10-24 00:00:00-04:00,361.3699951171875,365.4200134277344,360.0299987792969,362.5,353.097900390625,5462100,0.0,0.0
2025-10-27 00:00:00-04:00,363.5,366.2200012207031,361.3999938964844,365.9800109863281,356.4876403808594,7766400,0.0,0.0
2025-10-28 00:00:00-04:00,380.67999267578125,381.0,358.6300048828125,367.8399963378906,358.29937744140625,18858700,0.0,0.0
2025-10-29 00:00:00-04:00,364.2799987792969,366.1499938964844,353.8800048828125,355.260009765625,346.0456848144531,11874900,0.0,0.0
2025-10-30 00:00:00-04:00,347.5199890136719,354.5400085449219,343.6000061035156,344.75,335.8082580566406,11441900,0.0,0.0
2025-10-31 00:00:00-04:00,344.3900146484375,346.2799987792969,337.1199951171875,341.55999755859375,332.70098876953125,8390800,0.0,0.0
2025-11-03 00:00:00-05:00,339.1300048828125,340.70001220703125,326.6000061035156,333.7900085449219,325.13250732421875,11181400,0.0,0.0
2025-11-04 00:00:00-05:00,327.6300048828125,336.5,327.20001220703125,330.8299865722656,322.2492980957031,9646600,0.0,0.0
2025-11-05 00:00:00-05:00,326.29998779296875,330.2099914550781,324.2200012207031,327.739990234375,319.23944091796875,9697100,0.0,0.0
2025-11-06 00:00:00-05:00,328.9200134277344,332.3699951171875,321.45001220703125,321.55999755859375,313.2197570800781,7922100,0.0,0.0
2025-11-07 00:00:00-05:00,319.6600036621094,324.54998779296875,314.1600036621094,324.2099914550781,315.8009948730469,9402900,0.0,0.0
2025-11-10 00:00:00-05:00,319.989990234375,324.25,317.1700134277344,321.5799865722656,313.2392272949219,9283800,0.0,0.0
2025-11-11 00:00:00-05:00,323.29998779296875,327.8599853515625,319.8800048828125,327.45001220703125,318.95697021484375,7157800,0.0,0.0
2025-11-12 00:00:00-05:00,328.45001220703125,343.1700134277344,327.0799865722656,339.05999755859375,330.2658386230469,10403300,0.0,0.0
2025-11-13 00:00:00-05:00,338.3500061035156,339.0299987792969,331.2900085449219,332.5199890136719,323.8955078125,7788700,0.0,0.0
2025-11-14 00:00:00-05:00,326.95001220703125,328.2099914550781,320.489990234375,321.8599853515625,313.5119323730469,8676500,0.0,0.0
2025-11-17 00:00:00-05:00,320.6000061035156,327.8800048828125,319.42999267578125,320.5199890136719,312.20672607421875,6485400,0.0,0.0
2025-11-18 00:00:00-05:00,317.010009765625,317.5,308.7699890136719,313.5799865722656,305.4466857910156,9182100,0.0,0.0
2025-11-19 00:00:00-05:00,313.92999267578125,315.0,304.5299987792969,309.0899963378906,301.07318115234375,8181100,0.0,0.0
2025-11-20 00:00:00-05:00,310.80999755859375,314.75,310.0,311.5400085449219,303.45965576171875,7337600,0.0,0.0
2025-11-21 00:00:00-05:00,311.9100036621094,323.8399963378906,311.44000244140625,319.9700012207031,311.6709899902344,8406300,0.0,0.0
2025-11-24 00:00:00-05:00,324.5299987792969,325.8500061035156,317.6199951171875,319.04998779296875,310.77484130859375,10773800,0.0,0.0
2025-11-25 00:00:00-05:00,321.1199951171875,328.0,320.8999938964844,326.2799987792969,317.81732177734375,6149100,0.0,0.0
2025-11-26 00:00:00-05:00,326.5899963378906,335.19000244140625,325.8900146484375,329.7099914550781,321.1583557128906,5504200,0.0,0.0
2025-11-28 00:00:00-05:00,331.6700134277344,332.05999755859375,328.8900146484375,329.7699890136719,321.216796875,2464500,0.0,0.0
2025-12-01 00:00:00-05:00,327.1600036621094,330.05999755859375,323.0299987792969,323.2099914550781,314.82696533203125,6154600,0.0,0.0
2025-12-02 00:00:00-05:00,323.3699951171875,328.70001220703125,322.79998779296875,324.5400085449219,316.1224670410156,7978100,0.0,0.0
2025-12-03 00:00:00-05:00,326.0,341.4100036621094,325.010009765625,339.7099914550781,330.89898681640625,9770000,0.0,0.0
2025-12-04 00:00:00-05:00,339.3999938964844,341.260009765625,328.7200012207031,333.489990234375,324.8403015136719,8061600,0.0,0.0
2025-12-05 00:00:00-05:00,335.0,335.7099914550781,328.510009765625,330.9100036621094,322.3272399902344,5906000,0.0,0.0
2025-12-08 00:00:00-05:00,328.70001220703125,329.1000061035156,322.8299865722656,323.6199951171875,317.3457336425781,4782800,2.21,0.0
2025-12-09 00:00:00-05:00,323.1600036621094,326.3599853515625,322.4800109863281,323.6000061035156,317.32611083984375,4628400,0.0,0.0
2025-12-10 00:00:00-05:00,322.75,328.7300109863281,319.6000061035156,328.3699951171875,322.003662109375,5910500,0.0,0.0
2025-12-11 00:00:00-05:00,330.3699951171875,339.25,328.760009765625,336.7300109863281,330.2015686035156,7513200,0.0,0.0
2025-12-12 00:00:00-05:00,337.5,344.9800109863281,337.3699951171875,341.8399963378906,335.2125244140625,7979000,0.0,0.0
2025-12-15 00:00:00-05:00,340.989990234375,344.9599914550781,337.0,341.1000061035156,334.4868469238281,6447200,0.0,0.0
2025-12-16 00:00:00-05:00,340.4200134277344,340.989990234375,331.0299987792969,334.20001220703125,327.72064208984375,6334000,0.0,0.0
2025-12-17 00:00:00-05:00,333.6099853515625,335.5199890136719,330.4800109863281,331.6300048828125,325.2004699707031,4685600,0.0,0.0
2025-12-18 00:00:00-05:00,328.92999267578125,330.17999267578125,324.57000732421875,328.1400146484375,321.77813720703125,6354900,0.0,0.0
2025-12-19 00:00:00-05:00,328.05999755859375,334.6000061035156,326.07000732421875,327.4200134277344,321.07208251953125,10553000,0.0,0.0
2025-12-22 00:00:00-05:00,322.8999938964844,329.79998779296875,321.6499938964844,325.1600036621094,318.85589599609375,7872400,0.0,0.0
2025-12-23 00:00:00-05:00,324.0,327.79998779296875,323.760009765625,324.79998779296875,318.5028381347656,4463300,0.0,0.0
2025-12-24 00:00:00-05:00,325.20001220703125,328.989990234375,324.1300048828125,327.5799865722656,321.22894287109375,2842700,0.0,0.0
2025-12-26 00:00:00-05:00,327.20001220703125,331.8900146484375,326.260009765625,331.8299865722656,325.39654541015625,4359300,0.0,0.0
2025-12-29 00:00:00-05:00,330.8900146484375,334.25,328.2799987792969,328.94000244140625,322.5625915527344,4346800,0.0,0.0
2025-12-30 00:00:00-05:00,329.7300109863281,336.1499938964844,329.510009765625,332.1600036621094,325.7201843261719,4432500,0.0,0.0
2025-12-31 00:00:00-05:00,332.32000732421875,333.3299865722656,329.8800048828125,330.1099853515625,323.70989990234375,4285200,0.0,0.0
2026-01-02 00:00:00-05:00,330.8999938964844,340.260009765625,327.5,336.3999938964844,329.8779602050781,6863600,0.0,0.0
2026-01-05 00:00:00-05:00,335.45001220703125,346.94000244140625,333.8500061035156,342.0199890136719,335.3890075683594,7956600,0.0,0.0
2026-01-06 00:00:00-05:00,348.3500061035156,352.6099853515625,345.1199951171875,348.9700012207031,342.2042541503906,9441900,0.0,0.0
2026-01-07 00:00:00-05:00,348.9800109863281,350.1099853515625,338.0400085449219,341.70001220703125,335.0752258300781,7461400,0.0,0.0
2026-01-08 00:00:00-05:00,341.010009765625,347.8999938964844,340.79998779296875,346.8500061035156,340.1253662109375,5059300,0.0,0.0
2026-01-09 00:00:00-05:00,347.25,349.05999755859375,342.4800109863281,343.9800109863281,337.31103515625,4129100,0.0,0.0
2026-01-12 00:00:00-05:00,341.4200134277344,342.6499938964844,333.94000244140625,340.510009765625,333.9082946777344,7146400,0.0,0.0
2026-01-13 00:00:00-05:00,341.5,341.8399963378906,332.8500061035156,333.92999267578125,327.4558410644531,5605900,0.0,0.0
2026-01-14 00:00:00-05:00,335.3699951171875,340.1099853515625,334.1000061035156,334.9599914550781,328.46588134765625,5740900,0.0,0.0
2026-01-15 00:00:00-05:00,335.20001220703125,339.45001220703125,328.05999755859375,338.9599914550781,332.3883361816406,6943500,0.0,0.0
2026-01-16 00:00:00-05:00,334.8599853515625,336.20001220703125,330.42999267578125,331.0199890136719,324.6022644042969,8039100,0.0,0.0
2026-01-20 00:00:00-05:00,327.3999938964844,339.8900146484375,326.5,338.42999267578125,331.86859130859375,7596500,0.0,0.0
2026-01-21 00:00:00-05:00,339.42999267578125,348.0799865722656,338.69000244140625,347.75,341.0079040527344,8933300,0.0,0.0
2026-01-22 00:00:00-05:00,347.17999267578125,354.95001220703125,346.7699890136719,354.4700012207031,347.59765625,7491400,0.0,0.0
2026-01-23 00:00:00-05:00,354.2799987792969,357.8699951171875,352.989990234375,356.260009765625,349.3529052734375,9082200,0.0,0.0
2026-01-26 00:00:00-05:00,353.95001220703125,354.7900085449219,347.2699890136719,351.6400146484375,344.8224792480469,10399500,0.0,0.0
2026-01-27 00:00:00-05:00,293.9700012207031,299.5,280.3999938964844,282.70001220703125,277.2190856933594,65836900,0.0,0.0
2026-01-28 00:00:00-05:00,283.7200012207031,294.94000244140625,283.7200012207031,294.0199890136719,288.3196105957031,23396900,0.0,0.0
2026-01-29 00:00:00-05:00,294.3299865722656,295.6000061035156,289.2200012207031,292.2900085449219,286.6231384277344,13456400,0.0,0.0
2026-01-30 00:00:00-05:00,292.1000061035156,292.95001220703125,284.70001220703125,286.92999267578125,281.3670654296875,12022200,0.0,0.0
2026-02-02 00:00:00-05:00,286.0199890136719,290.3999938964844,282.2799987792969,285.5899963378906,280.0530700683594,8664200,0.0,0.0
2026-02-03 00:00:00-05:00,284.70001220703125,288.0899963378906,278.6000061035156,284.17999267578125,278.6703796386719,10809100,0.0,0.0
2026-02-04 00:00:00-05:00,282.010009765625,284.5,274.04998779296875,275.9200134277344,270.5705261230469,12944100,0.0,0.0
2026-02-05 00:00:00-05:00,274.2900085449219,276.8900146484375,266.2900085449219,268.54998779296875,263.3434143066406,13035300,0.0,0.0
2026-02-06 00:00:00-05:00,267.05999755859375,277.80999755859375,266.4100036621094,276.6499938964844,271.286376953125,9572800,0.0,0.0
2026-02-09 00:00:00-05:00,274.1499938964844,280.17999267578125,273.32000732421875,275.70001220703125,270.3548278808594,10371600,0.0,0.0
2026-02-10 00:00:00-05:00,277.5199890136719,279.489990234375,272.6499938964844,273.2200012207031,267.92291259765625,7284700,0.0,0.0
2026-02-11 00:00:00-05:00,272.44000244140625,279.69000244140625,269.79998779296875,278.9100036621094,273.5025634765625,6333100,0.0,0.0
2026-02-12 00:00:00-05:00,278.1600036621094,286.30999755859375,275.80999755859375,284.3699951171875,278.8567199707031,12336900,0.0,0.0
2026-02-13 00:00:00-05:00,285.6300048828125,293.4599914550781,284.510009765625,293.19000244140625,287.50567626953125,10281900,0.0,0.0
2026-02-17 00:00:00-05:00,294.0,294.2300109863281,288.3399963378906,289.0899963378906,283.4851989746094,6091700,0.0,0.0
2026-02-18 00:00:00-05:00,290.0,290.1300048828125,286.2900085449219,288.20001220703125,282.61248779296875,6632000,0.0,0.0
2026-02-19 00:00:00-05:00,290.8900146484375,290.8900146484375,286.8900146484375,289.92999267578125,284.30889892578125,4931800,0.0,0.0
2026-02-20 00:00:00-05:00,288.8999938964844,290.79998779296875,285.54998779296875,290.0,284.3775634765625,6974100,0.0,0.0
2026-02-23 00:00:00-05:00,288.54998779296875,291.7699890136719,281.6700134277344,282.3399963378906,276.8660583496094,7247500,0.0,0.0
2026-02-24 00:00:00-05:00,282.20001220703125,282.3999938964844,271.79998779296875,273.95001220703125,268.63873291015625,9684500,0.0,0.0
2026-02-25 00:00:00-05:00,277.2900085449219,284.739990234375,276.8699951171875,284.20001220703125,278.69000244140625,11380600,0.0,0.0
2026-02-26 00:00:00-05:00,286.9800109863281,295.260009765625,285.2300109863281,286.6600036621094,281.102294921875,10210000,0.0,0.0
2026-02-27 00:00:00-05:00,284.70001220703125,294.1300048828125,283.8500061035156,293.2699890136719,287.5841369628906,9723300,0.0,0.0
2026-03-02 00:00:00-05:00,288.1600036621094,295.30999755859375,287.5,294.92999267578125,289.21197509765625,8141400,0.0,0.0
2026-03-03 00:00:00-05:00,288.989990234375,293.739990234375,284.3599853515625,289.2099914550781,283.6028747558594,7051100,0.0,0.0
2026-03-04 00:00:00-05:00,289.010009765625,294.3399963378906,287.67999267578125,291.9599914550781,286.2995300292969,7796000,0.0,0.0
2026-03-05 00:00:00-05:00,290.04998779296875,291.3900146484375,286.739990234375,288.7699890136719,283.17138671875,5397900,0.0,0.0
2026-03-06 00:00:00-05:00,287.3399963378906,291.3299865722656,283.04998779296875,286.4800109863281,280.9258117675781,6816900,0.0,0.0
2026-03-09 00:00:00-04:00,282.0,285.20001220703125,278.6600036621094,285.1700134277344,281.81524658203125,10348800,2.21,0.0
2026-03-10 00:00:00-04:00,287.3800048828125,287.5799865722656,278.8999938964844,282.3399963378906,279.01849365234375,6075600,0.0,0.0
2026-03-11 00:00:00-04:00,282.3800048828125,286.2200012207031,280.6000061035156,285.25,281.894287109375,6878800,0.0,0.0
2026-03-12 00:00:00-04:00,284.7799987792969,287.55999755859375,276.2900085449219,277.04998779296875,273.7907409667969,10512300,0.0,0.0
2026-03-13 00:00:00-04:00,278.05999755859375,282.8800048828125,277.80999755859375,282.0899963378906,278.7714538574219,4737600,0.0,0.0
2026-03-16 00:00:00-04:00,283.9800109863281,287.3999938964844,281.0400085449219,285.489990234375,282.1314392089844,4854000,0.0,0.0
2026-03-17 00:00:00-04:00,287.79998779296875,288.989990234375,284.8399963378906,287.57000732421875,284.1869812011719,5752000,0.0,0.0
2026-03-18 00:00:00-04:00,285.20001220703125,288.3999938964844,283.07000732421875,284.3299865722656,280.9850769042969,4544100,0.0,0.0
2026-03-19 00:00:00-04:00,284.0,287.54998779296875,280.07000732421875,280.44000244140625,277.140869140625,5542100,0.0,0.0
2026-03-20 00:00:00-04:00,278.989990234375,283.1000061035156,275.0,275.5899963378906,272.3479309082031,38893000,0.0,0.0
2026-03-23 00:00:00-04:00,279.1400146484375,280.75,269.0899963378906,269.5400085449219,266.36907958984375,10424200,0.0,0.0
2026-03-24 00:00:00-04:00,268.8699951171875,273.3800048828125,267.5899963378906,272.2799987792969,269.07684326171875,5911700,0.0,0.0
2026-03-25 00:00:00-04:00,275.0,276.0799865722656,267.1099853515625,270.54998779296875,267.3671875,8121200,0.0,0.0
2026-03-26 00:00:00-04:00,269.989990234375,274.6400146484375,267.17999267578125,268.04998779296875,264.8966064453125,6218800,0.0,0.0
2026-03-27 00:00:00-04:00,267.5,267.6700134277344,255.97000122070312,259.0199890136719,255.97283935546875,10735300,0.0,0.0
2026-03-30 00:00:00-04:00,260.17999267578125,262.3299865722656,256.6700134277344,261.7900085449219,258.7102966308594,7774700,0.0,0.0
2026-03-31 00:00:00-04:00,263.0,271.8800048828125,262.6099853515625,270.5899963378906,267.40673828125,9170800,0.0,0.0
2026-04-01 00:00:00-04:00,274.2099914550781,275.29998779296875,270.760009765625,273.9800109863281,270.7568664550781,5473400,0.0,0.0
2026-04-02 00:00:00-04:00,272.2900085449219,279.0400085449219,271.5299987792969,277.260009765625,273.998291015625,6407000,0.0,0.0
2026-04-06 00:00:00-04:00,277.8800048828125,283.29998779296875,277.25,281.3599853515625,278.0500183105469,7097000,0.0,0.0
2026-04-07 00:00:00-04:00,308.8500061035156,312.42999267578125,300.75,307.7300109863281,304.1098327636719,22099800,0.0,0.0
2026-04-08 00:00:00-04:00,312.0,312.9700012207031,304.8299865722656,305.9800109863281,302.3804016113281,9645000,0.0,0.0
2026-04-09 00:00:00-04:00,305.82000732421875,307.8900146484375,304.1400146484375,306.9100036621094,303.2994689941406,5742000,0.0,0.0
2026-04-10 00:00:00-04:00,307.95001220703125,310.3699951171875,304.20001220703125,304.3299865722656,300.7497863769531,5212900,0.0,0.0
2026-04-13 00:00:00-04:00,303.25,313.32000732421875,302.9200134277344,313.0,309.31781005859375,7972200,0.0,0.0
2026-04-14 00:00:00-04:00,312.510009765625,319.6199951171875,312.510009765625,314.19000244140625,310.4938049316406,5864500,0.0,0.0
2026-04-15 00:00:00-04:00,316.0,317.760009765625,311.1499938964844,314.04998779296875,310.3554382324219,5041200,0.0,0.0
2026-04-16 00:00:00-04:00,315.0,318.6099853515625,313.1099853515625,316.3999938964844,312.67779541015625,5205600,0.0,0.0
2026-04-17 00:00:00-04:00,320.04998779296875,325.2699890136719,317.1400146484375,324.6300048828125,320.8110046386719,9414700,0.0,0.0
2026-04-20 00:00:00-04:00,324.19000244140625,325.3999938964844,320.1199951171875,323.4800109863281,319.674560546875,9050600,0.0,0.0
2026-04-21 00:00:00-04:00,353.010009765625,357.67999267578125,345.2300109863281,346.010009765625,341.9394836425781,26097300,0.0,0.0
2026-04-22 00:00:00-04:00,350.8800048828125,358.55999755859375,349.1000061035156,353.5199890136719,349.36114501953125,11807300,0.0,0.0
2026-04-23 00:00:00-04:00,354.67999267578125,356.8500061035156,350.5,354.55999755859375,350.3888854980469,7255800,0.0,0.0
2026-04-24 00:00:00-04:00,356.489990234375,358.2799987792969,351.3900146484375,354.9200134277344,350.74468994140625,8554600,0.0,0.0
2026-04-27 00:00:00-04:00,353.9100036621094,356.489990234375,348.95001220703125,354.69000244140625,350.5173645019531,7256100,0.0,0.0
2026-04-28 00:00:00-04:00,356.8399963378906,369.6300048828125,355.7200012207031,366.7699890136719,362.45526123046875,10604100,0.0,0.0
2026-04-29 00:00:00-04:00,366.0,370.8399963378906,365.010009765625,370.739990234375,366.3785400390625,9046600,0.0,0.0
2026-04-30 00:00:00-04:00,368.510009765625,371.989990234375,363.0,370.4800109863281,366.1216125488281,6879900,0.0,0.0
2026-05-01 00:00:00-04:00,371.9599914550781,372.8999938964844,367.0199890136719,368.7799987792969,364.4416198730469,4945400,0.0,0.0
2026-05-04 00:00:00-04:00,368.54998779296875,370.8299865722656,364.6499938964844,370.75,366.388427734375,4916900,0.0,0.0
2026-05-05 00:00:00-04:00,370.4800109863281,371.79998779296875,361.80999755859375,363.8699951171875,359.58935546875,6489000,0.0,0.0
2026-05-06 00:00:00-04:00,363.1000061035156,368.54998779296875,358.25,367.2799987792969,362.9592590332031,6695500,0.0,0.0
2026-05-07 00:00:00-04:00,366.6400146484375,369.80999755859375,364.7200012207031,369.739990234375,365.3902893066406,5235400,0.0,0.0
2026-05-08 00:00:00-04:00,371.989990234375,379.9800109863281,371.989990234375,379.9800109863281,375.5098876953125,6455100,0.0,0.0
2026-05-11 00:00:00-04:00,380.45001220703125,384.80999755859375,376.07000732421875,384.44000244140625,379.9173889160156,6949600,0.0,0.0
2026-05-12 00:00:00-04:00,382.8500061035156,397.4200134277344,382.010009765625,396.3900146484375,391.7268371582031,9236300,0.0,0.0
2026-05-13 00:00:00-04:00,396.5,404.1499938964844,393.0,401.1600036621094,396.440673828125,8454100,0.0,0.0
2026-05-14 00:00:00-04:00,401.0,401.8999938964844,396.0,399.0899963378906,394.39501953125,5342500,0.0,0.0
2026-05-15 00:00:00-04:00,394.29998779296875,397.6300048828125,390.25,393.8500061035156,389.2167053222656,9811200,0.0,0.0
2026-05-18 00:00:00-04:00,390.0,392.1400146484375,383.5,391.1300048828125,386.5286865234375,8400700,0.0,0.0
2026-05-19 00:00:00-04:00,390.0,394.989990234375,387.510009765625,389.239990234375,384.660888671875,5016800,0.0,0.0
2026-05-20 00:00:00-04:00,389.54998779296875,393.3800048828125,380.70001220703125,383.29998779296875,378.7908020019531,7783900,0.0,0.0
2026-05-21 00:00:00-04:00,381.1199951171875,386.1099853515625,380.5400085449219,382.4800109863281,377.9804382324219,4732500,0.0,0.0
2026-05-22 00:00:00-04:00,381.9200134277344,390.5400085449219,381.010009765625,388.4700012207031,383.8999938964844,5598600,0.0,0.0
2026-05-26 00:00:00-04:00,386.0,386.5199890136719,376.4100036621094,376.8599853515625,372.4265441894531,6498100,0.0,0.0
2026-05-27 00:00:00-04:00,378.42999267578125,384.5299987792969,377.0899963378906,384.010009765625,379.4924621582031,4544000,0.0,0.0
2026-05-28 00:00:00-04:00,384.9599914550781,389.260009765625,380.9599914550781,382.5299987792969,378.02984619140625,4330800,0.0,0.0
2026-05-29 00:00:00-04:00,383.7799987792969,385.1199951171875,375.45001220703125,380.30999755859375,375.8359680175781,10257900,0.0,0.0
2026-06-01 00:00:00-04:00,376.1099853515625,383.3500061035156,375.9200134277344,379.8599853515625,375.3912658691406,6623700,0.0,0.0
2026-06-02 00:00:00-04:00,377.9800109863281,380.0799865722656,374.7200012207031,377.9200134277344,373.4740905761719,3874400,0.0,0.0
2026-06-03 00:00:00-04:00,380.0,387.4599914550781,376.80999755859375,377.0,372.5649108886719,6808400,0.0,0.0
2026-06-04 00:00:00-04:00,390.0,401.3800048828125,389.82000732421875,396.4700012207031,391.8058776855469,12666100,0.0,0.0
2026-06-05 00:00:00-04:00,399.5400085449219,404.0400085449219,397.20001220703125,399.4700012207031,394.77056884765625,10897300,0.0,0.0
2026-06-08 00:00:00-04:00,397.1300048828125,408.7099914550781,394.989990234375,406.57000732421875,401.78704833984375,6963200,0.0,0.0
2026-06-09 00:00:00-04:00,409.989990234375,413.0,407.44000244140625,413.0,408.14141845703125,8590400,0.0,0.0
2026-06-10 00:00:00-04:00,413.5,415.9800109863281,404.54998779296875,407.4599914550781,402.66656494140625,6512900,0.0,0.0
2026-06-11 00:00:00-04:00,408.7099914550781,409.9800109863281,403.1099853515625,405.54998779296875,400.7790222167969,4938100,0.0,0.0
2026-06-12 00:00:00-04:00,409.010009765625,409.8900146484375,404.80999755859375,408.5199890136719,403.714111328125,7269600,0.0,0.0
2026-06-15 00:00:00-04:00,406.70001220703125,414.1600036621094,399.6499938964844,411.0400085449219,408.52447509765625,6777900,2.32,0.0
2026-06-16 00:00:00-04:00,410.67999267578125,411.75,406.5400085449219,407.6499938964844,405.15521240234375,4815100,0.0,0.0
2026-06-17 00:00:00-04:00,409.1199951171875,411.1600036621094,398.5899963378906,399.5299987792969,397.08489990234375,5838800,0.0,0.0
2026-06-18 00:00:00-04:00,402.7699890136719,406.20001220703125,399.1499938964844,400.9599914550781,398.50616455078125,11896900,0.0,0.0
2026-06-22 00:00:00-04:00,402.1400146484375,409.4599914550781,402.1400146484375,406.67999267578125,404.191162109375,5818600,0.0,0.0
2026-06-23 00:00:00-04:00,409.5199890136719,409.8999938964844,402.8399963378906,409.25,406.74542236328125,6675900,0.0,0.0
2026-06-24 00:00:00-04:00,410.5400085449219,413.42999267578125,400.0,405.79998779296875,403.3165283203125,6858800,0.0,0.0
2026-06-25 00:00:00-04:00,406.6499938964844,417.5799865722656,406.6499938964844,415.5299987792969,412.98699951171875,6014400,0.0,0.0
2026-06-26 00:00:00-04:00,416.1600036621094,427.92999267578125,416.1600036621094,427.8900146484375,425.2713623046875,10588200,0.0,0.0
2026-06-29 00:00:00-04:00,426.5299987792969,426.70001220703125,415.80999755859375,419.82000732421875,417.2507629394531,5167400,0.0,0.0
2026-06-30 00:00:00-04:00,422.7200012207031,422.739990234375,413.25,415.6300048828125,413.0863952636719,5779800,0.0,0.0
2026-07-01 00:00:00-04:00,417.1099853515625,428.0199890136719,413.7300109863281,426.5400085449219,423.92962646484375,4985900,0.0,0.0
2026-07-02 00:00:00-04:00,428.1300048828125,430.20001220703125,420.5400085449219,425.3599853515625,422.7568359375,3928800,0.0,0.0
2026-07-06 00:00:00-04:00,423.489990234375,424.44000244140625,415.04998779296875,417.989990234375,415.4319152832031,6379000,0.0,0.0
2026-07-07 00:00:00-04:00,423.95001220703125,428.6000061035156,422.1300048828125,428.19000244140625,425.56951904296875,5800500,0.0,0.0
2026-07-08 00:00:00-04:00,427.1499938964844,430.7699890136719,423.8299865722656,425.6000061035156,422.995361328125,3859200,0.0,0.0
2026-07-09 00:00:00-04:00,427.1099853515625,434.29998779296875,423.5199890136719,431.67999267578125,429.03814697265625,5566000,0.0,0.0
2026-07-10 00:00:00-04:00,431.6700134277344,432.8599853515625,423.6499938964844,424.6199951171875,422.0213623046875,3798600,0.0,0.0
2026-07-13 00:00:00-04:00,426.4700012207031,431.54998779296875,425.5299987792969,429.0899963378906,426.4640197753906,3863800,0.0,0.0
2026-07-14 00:00:00-04:00,431.0,432.1499938964844,421.7900085449219,425.19000244140625,422.587890625,5135900,0.0,0.0
2026-07-15 00:00:00-04:00,419.489990234375,424.1099853515625,414.3699951171875,418.5199890136719,415.95867919921875,6764800,0.0,0.0
2026-07-16 00:00:00-04:00,449.3900146484375,461.6199951171875,420.3699951171875,423.3800048828125,420.7889709472656,13281900,0.0,0.0
2026-07-17 00:00:00-04:00,426.7200012207031,437.4700012207031,425.1000061035156,426.0899963378906,423.48236083984375,10718100,0.0,0.0
2026-07-20 00:00:00-04:00,427.25,431.0199890136719,417.3800048828125,421.54998779296875,418.97015380859375,4818800,0.0,0.0
2026-07-21 00:00:00-04:00,422.4800109863281,437.0,420.5,436.3500061035156,433.6795959472656,6833600,0.0,0.0
2026-07-22 00:00:00-04:00,434.95001220703125,436.32000732421875,429.70001220703125,431.30999755859375,428.67041015625,4234100,0.0,0.0
2026-07-23 00:00:00-04:00,428.2699890136719,430.489990234375,420.3999938964844,423.55999755859375,420.9678649902344,4868700,0.0,0.0
2026-07-24 00:00:00-04:00,425.239990234375,429.0,418.9200134277344,420.739990234375,418.16510009765625,3752500,0.0,0.0
2026-07-27 00:00:00-04:00,422.510009765625,422.8800048828125,412.5400085449219,417.6400146484375,415.0841064453125,4615700,0.0,0.0
2026-07-28 00:00:00-04:00,419.92999267578125,430.4599914550781,415.1099853515625,428.7900085449219,426.1658630371094,5917300,0.0,0.0
2026-07-29 00:00:00-04:00,428.260009765625,431.67999267578125,420.3500061035156,420.57000732421875,417.99615478515625,5257900,0.0,0.0
2026-07-30 00:00:00-04:00,415.19000244140625,427.3399963378906,411.2900085449219,421.4700012207031,418.8906555175781,3647500,0.0,0.0
2026-07-31 00:00:00-04:00,422.0,422.80999755859375,414.05999755859375,414.3999938964844,411.8638916015625,3920900,0.0,0.0
2026-08-03 00:00:00-04:00,417.42999267578125,419.3399963378906,413.32000732421875,415.3599853515625,412.8180236816406,3209600,0.0,0.0
2026-08-04 00:00:00-04:00,415.55999755859375,416.0,406.6700134277344,407.54998779296875,405.0558166503906,5266300,0.0,0.0
2026-08-05 00:00:00-04:00,403.19000244140625,416.3599853515625,397.79998779296875,412.75,410.2239990234375,5399000,0.0,0.0
2026-08-06 00:00:00-04:00,415.2699890136719,416.9700012207031,402.3999938964844,403.9700012207031,401.49774169921875,4712400,0.0,0.0
2026-08-07 00:00:00-04:00,401.5899963378906,410.6400146484375,400.6600036621094,407.0799865722656,404.58868408203125,4095900,0.0,0.0
2026-08-10 00:00:00-04:00,408.6000061035156,413.07000732421875,407.989990234375,408.739990234375,406.238525390625,3182200,0.0,0.0
2026-08-11 00:00:00-04:00,409.0,410.8999938964844,401.32000732421875,402.19000244140625,399.7286376953125,3398900,0.0,0.0
2026-08-12 00:00:00-04:00,400.9800109863281,407.20001220703125,400.5,405.5899963378906,403.1078186035156,3317200,0.0,0.0
2026-08-13 00:00:00-04:00,405.5899963378906,407.32000732421875,398.5899963378906,399.05999755859375,396.6177978515625,4170200,0.0,0.0
2026-08-14 00:00:00-04:00,398.0,403.17999267578125,396.55999755859375,401.7300109863281,399.2714538574219,3476400,0.0,0.0
2026-08-17 00:00:00-04:00,398.57000732421875,398.8999938964844,391.42999267578125,395.6199951171875,393.1988525390625,5295100,0.0,0.0
2026-08-18 00:00:00-04:00,397.42999267578125,398.7900085449219,393.510009765625,393.92999267578125,391.5191650390625,3605100,0.0,0.0
2026-08-19 00:00:00-04:00,394.57000732421875,396.79998779296875,386.3299865722656,388.6099853515625,386.2317199707031,5268500,0.0,0.0
2026-08-20 00:00:00-04:00,388.25,392.7099914550781,383.8299865722656,384.8500061035156,382.4947509765625,4497200,0.0,0.0
2026-08-21 00:00:00-04:00,386.0,393.6600036621094,386.0,390.1099853515625,387.7225341796875,4879600,0.0,0.0
2026-08-24 00:00:00-04:00,391.0400085449219,399.5799865722656,390.8599853515625,398.760009765625,396.31964111328125,4683900,0.0,0.0
2026-08-25 00:00:00-04:00,397.79998779296875,399.0299987792969,395.6199951171875,396.5899963378906,394.16290283203125,2655000,0.0,0.0
2026-08-26 00:00:00-04:00,396.3299865722656,406.25,396.010009765625,401.010009765625,398.5558776855469,3557000,0.0,0.0
2026-08-27 00:00:00-04:00,396.8699951171875,399.8800048828125,393.7699890136719,395.04998779296875,392.63232421875,3668200,0.0,0.0
2026-08-28 00:00:00-04:00,396.4200134277344,396.739990234375,392.6600036621094,392.95001220703125,390.5451965332031,2455500,0.0,0.0
2026-08-31 00:00:00-04:00,393.5199890136719,394.489990234375,387.7099914550781,389.4100036621094,387.02685546875,5748000,0.0,0.0
2026-09-01 00:00:00-04:00,392.0799865722656,399.6000061035156,391.7799987792969,396.29998779296875,393.8746643066406,3716200,0.0,0.0
2026-09-02 00:00:00-04:00,399.2699890136719,401.1400146484375,396.510009765625,399.6600036621094,397.214111328125,3265300,0.0,0.0
2026-09-03 00:00:00-04:00,400.0199890136719,405.1600036621094,395.29998779296875,400.94000244140625,398.4862976074219,5488900,0.0,0.0
2026-09-04 00:00:00-04:00,397.04998779296875,402.2300109863281,395.20001220703125,397.1400146484375,394.7095642089844,5565400,0.0,0.0
2026-09-08 00:00:00-04:00,392.3999938964844,403.8900146484375,390.44000244140625,400.8399963378906,398.38690185546875,7049400,0.0,0.0
2026-09-09 00:00:00-04:00,405.1700134277344,406.5299987792969,378.0799865722656,393.05999755859375,390.6545104980469,7735200,0.0,0.0
2026-09-10 00:00:00-04:00,396.0,399.2699890136719,387.6000061035156,388.2799987792969,385.90374755859375,4339900,0.0,0.0
2026-09-11 00:00:00-04:00,390.4200134277344,391.7300109863281,375.8999938964844,379.0899963378906,376.7699890136719,7478400,0.0,0.0
2026-09-14 00:00:00-04:00,381.44000244140625,386.4599914550781,379.2799987792969,383.54998779296875,383.54998779296875,4474000,2.32,0.0
2026-09-15 00:00:00-04:00,383.54998779296875,383.79998779296875,375.5,375.92999267578125,375.92999267578125,4391400,0.0,0.0
2026-09-16 00:00:00-04:00,375.8999938964844,380.2200012207031,373.6300048828125,375.260009765625,375.260009765625,4414900,0.0,0.0
2026-09-17 00:00:00-04:00,376.45001220703125,380.5,374.20001220703125,375.2099914550781,375.2099914550781,4833700,0.0,0.0
2026-09-18 00:00:00-04:00,375.2900085449219,378.489990234375,372.4200134277344,376.8999938964844,376.8999938964844,8606300,0.0,0.0
2026-09-21 00:00:00-04:00,377.8699951171875,378.95001220703125,373.82000732421875,377.55999755859375,377.55999755859375,5712300,0.0,0.0
2026-09-22 00:00:00-04:00,381.3900146484375,381.3900146484375,372.4100036621094,372.95001220703125,372.95001220703125,4495000,0.0,0.0
2026-09-23 00:00:00-04:00,370.8900146484375,372.6099853515625,366.0,371.2900085449219,371.2900085449219,3859300,0.0,0.0
2026-09-24 00:00:00-04:00,371.9200134277344,375.2799987792969,368.5,375.010009765625,375.010009765625,4651000,0.0,0.0
2026-09-25 00:00:00-04:00,375.95001220703125,379.1700134277344,371.1700134277344,376.5899963378906,376.5899963378906,4077400,0.0,0.0
2026-09-28 00:00:00-04:00,376.3599853515625,380.9800109863281,374.55999755859375,377.8299865722656,377.8299865722656,4677100,0.0,0.0
2026-09-29 00:00:00-04:00,374.8800048828125,376.5899963378906,371.3299865722656,374.94000244140625,374.94000244140625,3284700,0.0,0.0
2026-09-30 00:00:00-04:00,374.92999267578125,374.92999267578125,365.7200012207031,367.0799865722656,367.0799865722656,4788300,0.0,0.0
2026-10-01 00:00:00-04:00,367.989990234375,371.8599853515625,362.6000061035156,365.20001220703125,365.20001220703125,3940700,0.0,0.0
2026-10-02 00:00:00-04:00,365.1400146484375,372.67999267578125,364.4700012207031,371.8999938964844,371.8999938964844,3306900,0.0,0.0
2026-10-05 00:00:00-04:00,372.3299865722656,379.1400146484375,368.04998779296875,378.5799865722656,378.5799865722656,5823300,0.0,0.0
2026-10-06 00:00:00-04:00,379.0299987792969,380.4100036621094,373.70001220703125,376.32000732421875,376.32000732421875,5037500,0.0,0.0
2026-10-07 00:00:00-04:00,375.9200134277344,383.4800109863281,372.010009765625,375.9800109863281,375.9800109863281,5628600,0.0,0.0
